# Step Price Price_Change_Pct Simple_PnL Avellaneda_PnL Envelope_PnL
0 179.975510 -0.01 0.00 0.00 0.00
1 180.001942 0.00 0.00 0.00 0.00
2 179.961335 -0.02 0.00 0.00 0.00
3 179.960909 -0.02 0.00 0.00 0.00
4 179.988224 -0.01 0.00 0.00 0.00
5 179.973310 -0.01 0.00 0.00 0.00
6 179.895607 -0.06 0.00 0.00 -0.00
7 179.860133 -0.08 0.00 0.00 -0.00
8 179.864051 -0.08 0.00 0.00 -0.00
9 179.834820 -0.09 0.00 0.00 -0.00
10 179.918350 -0.05 0.00 0.00 -0.00
11 179.903781 -0.05 0.00 0.00 -0.00
12 179.867597 -0.07 0.00 0.00 -0.00
13 179.851332 -0.08 0.00 0.00 -0.00
14 179.889822 -0.06 0.00 0.00 -0.00
15 179.927720 -0.04 0.00 0.00 -0.00
16 179.930990 -0.04 0.00 0.00 -0.00
17 179.905703 -0.05 0.00 0.00 -0.00
18 179.950629 -0.03 0.00 0.00 -0.00
19 179.959231 -0.02 0.00 0.00 -0.00
20 179.978884 -0.01 0.00 0.00 0.00
21 179.960860 -0.02 0.00 0.00 -0.00
22 179.951789 -0.03 0.00 0.00 -0.00
23 179.967248 -0.02 0.00 0.00 -0.00
24 179.957823 -0.02 0.00 0.00 -0.00
25 179.995890 -0.00 0.00 0.00 0.00
26 180.075798 0.04 0.00 0.00 0.00
27 180.062506 0.03 0.00 0.00 0.00
28 180.056308 0.03 0.00 0.00 0.00
29 179.982426 -0.01 0.00 0.00 -0.00
30 179.946828 -0.03 0.00 0.00 -0.00
31 179.954700 -0.03 0.00 0.00 -0.00
32 179.926975 -0.04 0.00 0.00 -0.00
33 179.940215 -0.03 0.00 0.00 -0.00
34 179.955787 -0.02 0.00 0.00 -0.00
35 179.920274 -0.04 0.00 0.00 -0.00
36 179.919256 -0.04 0.00 0.00 -0.00
37 179.845979 -0.09 -0.00 0.00 -0.00
38 179.914607 -0.05 -0.00 0.00 -0.00
39 179.940344 -0.03 -0.00 0.00 -0.00
40 179.905407 -0.05 -0.00 0.00 -0.00
41 179.879332 -0.07 -0.00 0.00 -0.00
42 179.817362 -0.10 -0.00 0.00 -0.00
43 179.858757 -0.08 -0.00 0.00 -0.00
44 179.832637 -0.09 -0.00 0.00 -0.00
45 179.851453 -0.08 -0.00 0.00 -0.00
46 179.878918 -0.07 -0.00 0.00 -0.00
47 179.887959 -0.06 -0.00 0.00 -0.00
48 179.856267 -0.08 -0.00 0.00 -0.00
49 179.812978 -0.10 -0.00 0.00 -0.00
50 179.767310 -0.13 -0.00 0.00 -0.01
51 179.749843 -0.14 -0.00 0.00 -0.01
52 179.765232 -0.13 -0.00 0.00 -0.01
53 179.795266 -0.11 -0.00 0.00 -0.01
54 179.816604 -0.10 -0.00 0.00 -0.00
55 179.803480 -0.11 -0.00 0.00 -0.01
56 179.845171 -0.09 -0.00 0.00 -0.00
57 179.837128 -0.09 -0.00 0.00 -0.00
58 179.843099 -0.09 -0.00 0.00 -0.00
59 179.854368 -0.08 -0.00 0.00 -0.00
60 179.835619 -0.09 -0.00 0.00 -0.00
61 179.802249 -0.11 -0.00 0.00 -0.01
62 179.804575 -0.11 -0.00 0.00 -0.01
63 179.762520 -0.13 -0.00 0.00 -0.01
64 179.742707 -0.14 -0.00 0.00 -0.01
65 179.717849 -0.16 -0.00 0.00 -0.01
66 179.712443 -0.16 -0.00 0.00 -0.01
67 179.718729 -0.16 -0.00 0.00 -0.01
68 179.708837 -0.16 -0.00 0.00 -0.01
69 179.646022 -0.20 -0.01 0.00 -0.02
70 179.600613 -0.22 -0.01 0.00 -0.03
71 179.605677 -0.22 -0.01 0.00 -0.03
72 179.573407 -0.24 -0.01 0.00 -0.04
73 179.561600 -0.24 -0.01 0.00 -0.04
74 179.546567 -0.25 -0.02 0.00 -0.04
75 179.538151 -0.26 -0.02 0.00 -0.04
76 179.479495 -0.29 -0.02 0.00 -0.06
77 179.457795 -0.30 -0.02 0.00 -0.06
78 179.500846 -0.28 -0.02 0.00 -0.05
79 179.457932 -0.30 -0.02 0.00 -0.06
80 179.434052 -0.31 -0.02 0.00 -0.07
81 179.429980 -0.32 -0.02 -0.00 -0.07
82 179.429253 -0.32 -0.02 -0.00 -0.07
83 179.414960 -0.33 -0.03 -0.00 -0.08
84 179.433779 -0.31 -0.02 -0.00 -0.07
85 179.413313 -0.33 -0.03 -0.00 -0.08
86 179.415718 -0.32 -0.03 -0.00 -0.08
87 179.347417 -0.36 -0.03 -0.00 -0.10
88 179.335557 -0.37 -0.03 -0.00 -0.10
89 179.341039 -0.37 -0.03 -0.00 -0.10
90 179.327444 -0.37 -0.03 -0.00 -0.10
91 179.346733 -0.36 -0.03 -0.00 -0.10
92 179.431699 -0.32 -0.02 -0.00 -0.07
93 179.424358 -0.32 -0.02 -0.00 -0.08
94 179.445532 -0.31 -0.02 0.00 -0.07
95 179.459278 -0.30 -0.02 0.00 -0.07
96 179.447513 -0.31 -0.02 0.00 -0.07
97 179.470603 -0.29 -0.02 0.00 -0.06
98 179.431113 -0.32 -0.02 -0.00 -0.07
99 179.396909 -0.34 -0.03 -0.00 -0.08
100 179.458930 -0.30 -0.02 0.00 -0.07
101 179.450898 -0.31 -0.02 0.00 -0.07
102 179.477039 -0.29 -0.02 0.00 -0.06
103 179.503865 -0.28 -0.02 0.00 -0.05
104 179.468306 -0.30 -0.02 0.00 -0.06
105 179.451018 -0.30 -0.02 0.00 -0.07
106 179.376949 -0.35 -0.03 -0.00 -0.09
107 179.327902 -0.37 -0.03 -0.00 -0.10
108 179.336210 -0.37 -0.03 -0.00 -0.10
109 179.300686 -0.39 -0.03 -0.00 -0.11
110 179.261060 -0.41 -0.04 -0.00 -0.13
111 179.259595 -0.41 -0.04 -0.00 -0.13
112 179.289210 -0.39 -0.04 -0.00 -0.12
113 179.282998 -0.40 -0.04 -0.00 -0.12
114 179.275996 -0.40 -0.04 -0.00 -0.12
115 179.296519 -0.39 -0.04 -0.00 -0.11
116 179.277441 -0.40 -0.04 -0.00 -0.12
117 179.307439 -0.38 -0.03 -0.00 -0.11
118 179.289650 -0.39 -0.04 -0.00 -0.12
119 179.302981 -0.39 -0.03 -0.00 -0.11
120 179.329114 -0.37 -0.03 -0.00 -0.10
121 179.298285 -0.39 -0.04 -0.00 -0.11
122 179.320405 -0.38 -0.03 -0.00 -0.11
123 179.287923 -0.40 -0.04 -0.00 -0.12
124 179.268173 -0.41 -0.04 -0.00 -0.12
125 179.216521 -0.44 -0.04 -0.01 -0.14
126 179.182177 -0.45 -0.05 -0.01 -0.16
127 179.149093 -0.47 -0.05 -0.01 -0.17
128 179.141896 -0.48 -0.05 -0.01 -0.17
129 179.170186 -0.46 -0.05 -0.01 -0.16
130 179.135900 -0.48 -0.05 -0.01 -0.17
131 179.127392 -0.48 -0.05 -0.01 -0.18
132 179.136059 -0.48 -0.05 -0.01 -0.17
133 179.146254 -0.47 -0.05 -0.01 -0.17
134 179.151677 -0.47 -0.05 -0.01 -0.17
135 179.116695 -0.49 -0.06 -0.01 -0.18
136 179.191497 -0.45 -0.05 -0.01 -0.15
137 179.239019 -0.42 -0.04 -0.01 -0.13
138 179.267719 -0.41 -0.04 -0.00 -0.12
139 179.274642 -0.40 -0.04 -0.00 -0.12
140 179.258488 -0.41 -0.04 -0.00 -0.13
141 179.282871 -0.40 -0.04 -0.00 -0.12
142 179.269865 -0.41 -0.04 -0.00 -0.12
143 179.287615 -0.40 -0.04 -0.00 -0.12
144 179.294541 -0.39 -0.03 -0.00 -0.11
145 179.296075 -0.39 -0.03 -0.00 -0.11
146 179.246925 -0.42 -0.04 -0.01 -0.13
147 179.259599 -0.41 -0.04 -0.00 -0.13
148 179.204083 -0.44 -0.05 -0.01 -0.15
149 179.215828 -0.44 -0.04 -0.01 -0.14
150 179.266486 -0.41 -0.04 -0.00 -0.12
151 179.213429 -0.44 -0.04 -0.01 -0.14
152 179.264620 -0.41 -0.04 -0.00 -0.12
153 179.248674 -0.42 -0.04 -0.00 -0.13
154 179.208984 -0.44 -0.04 -0.01 -0.15
155 179.206304 -0.44 -0.04 -0.01 -0.15
156 179.195475 -0.45 -0.05 -0.01 -0.15
157 179.240815 -0.42 -0.04 -0.01 -0.13
158 179.264730 -0.41 -0.04 -0.00 -0.12
159 179.265955 -0.41 -0.04 -0.00 -0.12
160 179.282668 -0.40 -0.04 -0.00 -0.12
161 179.260065 -0.41 -0.04 -0.00 -0.13
162 179.218435 -0.43 -0.04 -0.01 -0.14
163 179.184502 -0.45 -0.05 -0.01 -0.15
164 179.170143 -0.46 -0.05 -0.01 -0.16
165 179.197404 -0.45 -0.05 -0.01 -0.15
166 179.177860 -0.46 -0.05 -0.01 -0.16
167 179.105765 -0.50 -0.06 -0.01 -0.19
168 179.143811 -0.48 -0.05 -0.01 -0.17
169 179.156022 -0.47 -0.05 -0.01 -0.17
170 179.197160 -0.45 -0.05 -0.01 -0.15
171 179.199896 -0.44 -0.05 -0.01 -0.15
172 179.204876 -0.44 -0.04 -0.01 -0.15
173 179.204173 -0.44 -0.04 -0.01 -0.15
174 179.194791 -0.45 -0.05 -0.01 -0.15
175 179.215486 -0.44 -0.04 -0.01 -0.14
176 179.197034 -0.45 -0.05 -0.01 -0.15
177 179.261615 -0.41 -0.04 -0.00 -0.12
178 179.315582 -0.38 -0.03 -0.00 -0.10
179 179.292315 -0.39 -0.03 -0.00 -0.11
180 179.253211 -0.41 -0.04 -0.00 -0.13
181 179.213936 -0.44 -0.04 -0.01 -0.14
182 179.208889 -0.44 -0.04 -0.01 -0.15
183 179.189176 -0.45 -0.05 -0.01 -0.15
184 179.200070 -0.44 -0.05 -0.01 -0.15
185 179.191112 -0.45 -0.05 -0.01 -0.15
186 179.179315 -0.46 -0.05 -0.01 -0.16
187 179.149565 -0.47 -0.05 -0.01 -0.17
188 179.161255 -0.47 -0.05 -0.01 -0.16
189 179.085808 -0.51 -0.06 -0.02 -0.19
190 179.073525 -0.51 -0.06 -0.02 -0.20
191 179.081500 -0.51 -0.06 -0.02 -0.20
192 179.098831 -0.50 -0.06 -0.01 -0.19
193 179.064629 -0.52 -0.06 -0.02 -0.20
194 179.076754 -0.51 -0.06 -0.02 -0.20
195 179.034739 -0.54 -0.07 -0.02 -0.22
196 179.062233 -0.52 -0.06 -0.02 -0.21
197 179.115592 -0.49 -0.06 -0.01 -0.18
198 179.098814 -0.50 -0.06 -0.01 -0.19
199 179.032834 -0.54 -0.07 -0.02 -0.22
200 179.050507 -0.53 -0.07 -0.02 -0.21
201 179.035798 -0.54 -0.07 -0.02 -0.22
202 179.064750 -0.52 -0.06 -0.02 -0.20
203 179.087978 -0.51 -0.06 -0.02 -0.19
204 179.134319 -0.48 -0.05 -0.01 -0.17
205 179.116942 -0.49 -0.06 -0.01 -0.18
206 179.128980 -0.48 -0.05 -0.01 -0.18
207 179.101291 -0.50 -0.06 -0.01 -0.19
208 179.124875 -0.49 -0.05 -0.01 -0.18
209 179.065292 -0.52 -0.06 -0.02 -0.20
210 179.089166 -0.51 -0.06 -0.02 -0.19
211 179.081286 -0.51 -0.06 -0.02 -0.20
212 179.070632 -0.52 -0.06 -0.02 -0.20
213 179.042282 -0.53 -0.07 -0.02 -0.21
214 179.090131 -0.51 -0.06 -0.02 -0.19
215 179.073630 -0.51 -0.06 -0.02 -0.20
216 179.044966 -0.53 -0.07 -0.02 -0.21
217 179.076592 -0.51 -0.06 -0.02 -0.20
218 179.083620 -0.51 -0.06 -0.02 -0.20
219 179.135636 -0.48 -0.05 -0.01 -0.17
220 179.112716 -0.49 -0.06 -0.01 -0.18
221 179.078833 -0.51 -0.06 -0.02 -0.20
222 179.018733 -0.55 -0.07 -0.02 -0.22
223 179.026126 -0.54 -0.07 -0.02 -0.22
224 178.979476 -0.57 -0.08 -0.02 -0.24
225 178.972397 -0.57 -0.08 -0.02 -0.25
226 178.938013 -0.59 -0.09 -0.03 -0.27
227 178.922589 -0.60 -0.09 -0.03 -0.27
228 178.929000 -0.59 -0.09 -0.03 -0.27
229 178.911588 -0.60 -0.09 -0.03 -0.28
230 178.960405 -0.58 -0.08 -0.02 -0.25
231 178.981622 -0.57 -0.08 -0.02 -0.24
232 178.927431 -0.60 -0.09 -0.03 -0.27
233 178.909827 -0.61 -0.09 -0.03 -0.28
234 178.875763 -0.62 -0.10 -0.03 -0.30
235 178.893286 -0.61 -0.10 -0.03 -0.29
236 178.952852 -0.58 -0.09 -0.03 -0.26
237 178.949151 -0.58 -0.09 -0.03 -0.26
238 178.949873 -0.58 -0.09 -0.03 -0.26
239 178.882093 -0.62 -0.10 -0.03 -0.30
240 178.905297 -0.61 -0.10 -0.03 -0.28
241 178.935789 -0.59 -0.09 -0.03 -0.27
242 178.940833 -0.59 -0.09 -0.03 -0.27
243 178.969931 -0.57 -0.08 -0.02 -0.25
244 179.067035 -0.52 -0.06 -0.02 -0.20
245 179.095929 -0.50 -0.06 -0.01 -0.19
246 179.129434 -0.48 -0.05 -0.01 -0.17
247 179.159214 -0.47 -0.04 -0.01 -0.15
248 179.124807 -0.49 -0.05 -0.01 -0.17
249 179.108298 -0.50 -0.05 -0.01 -0.18
250 179.061766 -0.52 -0.06 -0.02 -0.20
251 179.069915 -0.52 -0.06 -0.02 -0.20
252 179.118873 -0.49 -0.05 -0.01 -0.17
253 179.096541 -0.50 -0.06 -0.01 -0.19
254 179.072243 -0.52 -0.06 -0.02 -0.20
255 179.094169 -0.50 -0.06 -0.01 -0.19
256 179.103496 -0.50 -0.05 -0.01 -0.18
257 178.995143 -0.56 -0.08 -0.02 -0.24
258 179.022197 -0.54 -0.07 -0.02 -0.22
259 179.001651 -0.55 -0.07 -0.02 -0.23
260 179.029295 -0.54 -0.07 -0.02 -0.22
261 178.991222 -0.56 -0.08 -0.02 -0.24
262 178.961234 -0.58 -0.08 -0.02 -0.25
263 178.950301 -0.58 -0.08 -0.03 -0.26
264 178.923507 -0.60 -0.09 -0.03 -0.27
265 178.928600 -0.60 -0.09 -0.03 -0.27
266 178.893871 -0.61 -0.10 -0.03 -0.29
267 178.880975 -0.62 -0.10 -0.03 -0.29
268 178.852958 -0.64 -0.11 -0.03 -0.31
269 178.882216 -0.62 -0.10 -0.03 -0.29
270 178.836054 -0.65 -0.11 -0.03 -0.32
271 178.825704 -0.65 -0.11 -0.04 -0.32
272 178.784669 -0.68 -0.12 -0.04 -0.34
273 178.829429 -0.65 -0.11 -0.04 -0.32
274 178.884269 -0.62 -0.10 -0.03 -0.29
275 178.875944 -0.62 -0.10 -0.03 -0.30
276 178.827376 -0.65 -0.11 -0.04 -0.32
277 178.807422 -0.66 -0.12 -0.04 -0.33
278 178.807768 -0.66 -0.12 -0.04 -0.33
279 178.852560 -0.64 -0.11 -0.03 -0.31
280 178.872824 -0.63 -0.10 -0.03 -0.30
281 178.926106 -0.60 -0.09 -0.03 -0.27
282 178.920142 -0.60 -0.09 -0.03 -0.27
283 178.975814 -0.57 -0.08 -0.02 -0.24
284 179.000726 -0.56 -0.07 -0.02 -0.23
285 179.020323 -0.54 -0.07 -0.02 -0.22
286 179.025360 -0.54 -0.07 -0.02 -0.22
287 178.992578 -0.56 -0.08 -0.02 -0.24
288 179.014244 -0.55 -0.07 -0.02 -0.22
289 178.987466 -0.56 -0.08 -0.02 -0.24
290 178.985757 -0.56 -0.08 -0.02 -0.24
291 179.052533 -0.53 -0.06 -0.01 -0.20
292 178.985434 -0.56 -0.08 -0.02 -0.24
293 179.015737 -0.55 -0.07 -0.02 -0.22
294 178.990718 -0.56 -0.08 -0.02 -0.24
295 178.996344 -0.56 -0.07 -0.02 -0.23
296 178.965866 -0.57 -0.08 -0.02 -0.25
297 178.946730 -0.59 -0.08 -0.02 -0.26
298 178.901033 -0.61 -0.09 -0.03 -0.28
299 178.867862 -0.63 -0.10 -0.03 -0.30
300 178.886118 -0.62 -0.10 -0.03 -0.29
301 178.856930 -0.64 -0.10 -0.03 -0.31
302 178.920954 -0.60 -0.09 -0.03 -0.27
303 178.952879 -0.58 -0.08 -0.02 -0.26
304 178.982541 -0.57 -0.08 -0.02 -0.24
305 178.990016 -0.56 -0.08 -0.02 -0.24
306 179.040543 -0.53 -0.06 -0.02 -0.21
307 179.016824 -0.55 -0.07 -0.02 -0.22
308 178.964894 -0.58 -0.08 -0.02 -0.25
309 178.917511 -0.60 -0.09 -0.03 -0.27
310 178.965403 -0.57 -0.08 -0.02 -0.25
311 178.920247 -0.60 -0.09 -0.03 -0.27
312 178.866545 -0.63 -0.10 -0.03 -0.30
313 178.896306 -0.61 -0.10 -0.03 -0.29
314 178.916825 -0.60 -0.09 -0.03 -0.27
315 178.911287 -0.60 -0.09 -0.03 -0.28
316 178.936233 -0.59 -0.09 -0.03 -0.26
317 178.989127 -0.56 -0.08 -0.02 -0.24
318 179.015266 -0.55 -0.07 -0.02 -0.22
319 178.951836 -0.58 -0.08 -0.02 -0.26
320 178.942172 -0.59 -0.09 -0.02 -0.26
321 178.932833 -0.59 -0.09 -0.03 -0.27
322 178.883087 -0.62 -0.10 -0.03 -0.29
323 178.841918 -0.64 -0.11 -0.03 -0.31
324 178.852210 -0.64 -0.11 -0.03 -0.31
325 178.874318 -0.63 -0.10 -0.03 -0.30
326 178.848247 -0.64 -0.11 -0.03 -0.31
327 178.834790 -0.65 -0.11 -0.04 -0.32
328 178.816695 -0.66 -0.11 -0.04 -0.33
329 178.842584 -0.64 -0.11 -0.03 -0.31
330 178.857007 -0.63 -0.10 -0.03 -0.31
331 178.876916 -0.62 -0.10 -0.03 -0.30
332 178.850367 -0.64 -0.11 -0.03 -0.31
333 178.816368 -0.66 -0.11 -0.04 -0.33
334 178.822666 -0.65 -0.11 -0.04 -0.32
335 178.783677 -0.68 -0.12 -0.04 -0.34
336 178.786090 -0.67 -0.12 -0.04 -0.34
337 178.801124 -0.67 -0.12 -0.04 -0.33
338 178.797041 -0.67 -0.12 -0.04 -0.34
339 178.808207 -0.66 -0.12 -0.04 -0.33
340 178.843055 -0.64 -0.11 -0.03 -0.31
341 178.865209 -0.63 -0.10 -0.03 -0.30
342 178.875934 -0.62 -0.10 -0.03 -0.30
343 178.878805 -0.62 -0.10 -0.03 -0.29
344 178.916991 -0.60 -0.09 -0.03 -0.27
345 178.902571 -0.61 -0.09 -0.03 -0.28
346 178.868858 -0.63 -0.10 -0.03 -0.30
347 178.896234 -0.61 -0.10 -0.03 -0.29
348 178.861990 -0.63 -0.10 -0.03 -0.30
349 178.811535 -0.66 -0.12 -0.04 -0.33
350 178.830766 -0.65 -0.11 -0.04 -0.32
351 178.859116 -0.63 -0.10 -0.03 -0.30
352 178.816096 -0.66 -0.11 -0.04 -0.33
353 178.861863 -0.63 -0.10 -0.03 -0.30
354 178.803699 -0.66 -0.12 -0.04 -0.33
355 178.828727 -0.65 -0.11 -0.04 -0.32
356 178.833779 -0.65 -0.11 -0.04 -0.32
357 178.861655 -0.63 -0.10 -0.03 -0.30
358 178.903158 -0.61 -0.09 -0.03 -0.28
359 178.981017 -0.57 -0.08 -0.02 -0.24
360 178.959513 -0.58 -0.08 -0.02 -0.25
361 178.911614 -0.60 -0.09 -0.03 -0.28
362 178.902767 -0.61 -0.09 -0.03 -0.28
363 178.928286 -0.60 -0.09 -0.03 -0.27
364 178.887080 -0.62 -0.10 -0.03 -0.29
365 178.876487 -0.62 -0.10 -0.03 -0.30
366 178.825223 -0.65 -0.11 -0.04 -0.32
367 178.808927 -0.66 -0.12 -0.04 -0.33
368 178.761410 -0.69 -0.13 -0.04 -0.36
369 178.764854 -0.69 -0.13 -0.04 -0.35
370 178.802740 -0.67 -0.12 -0.04 -0.33
371 178.726446 -0.71 -0.14 -0.05 -0.38
372 178.719198 -0.71 -0.14 -0.05 -0.38
373 178.728399 -0.71 -0.14 -0.05 -0.38
374 178.724560 -0.71 -0.14 -0.05 -0.38
375 178.758472 -0.69 -0.13 -0.04 -0.36
376 178.784340 -0.68 -0.12 -0.04 -0.34
377 178.776099 -0.68 -0.12 -0.04 -0.35
378 178.853265 -0.64 -0.10 -0.03 -0.31
379 178.806090 -0.66 -0.12 -0.04 -0.33
380 178.748898 -0.70 -0.13 -0.04 -0.36
381 178.736536 -0.70 -0.14 -0.05 -0.37
382 178.740283 -0.70 -0.13 -0.04 -0.37
383 178.739344 -0.70 -0.13 -0.04 -0.37
384 178.799673 -0.67 -0.12 -0.04 -0.34
385 178.764531 -0.69 -0.13 -0.04 -0.36
386 178.745579 -0.70 -0.13 -0.04 -0.37
387 178.686607 -0.73 -0.15 -0.05 -0.40
388 178.698722 -0.72 -0.15 -0.05 -0.39
389 178.725264 -0.71 -0.14 -0.05 -0.38
390 178.744060 -0.70 -0.13 -0.04 -0.37
391 178.748455 -0.70 -0.13 -0.04 -0.36
392 178.793555 -0.67 -0.12 -0.04 -0.34
393 178.803989 -0.66 -0.12 -0.04 -0.33
394 178.772765 -0.68 -0.13 -0.04 -0.35
395 178.727342 -0.71 -0.14 -0.05 -0.38
396 178.733784 -0.70 -0.14 -0.05 -0.37
397 178.696872 -0.72 -0.15 -0.05 -0.39
398 178.707247 -0.72 -0.14 -0.05 -0.39
399 178.676745 -0.74 -0.15 -0.05 -0.40
400 178.736590 -0.70 -0.14 -0.05 -0.37
401 178.690334 -0.73 -0.15 -0.05 -0.40
402 178.684644 -0.73 -0.15 -0.05 -0.40
403 178.665587 -0.74 -0.16 -0.05 -0.41
404 178.655318 -0.75 -0.16 -0.05 -0.42
405 178.692681 -0.73 -0.15 -0.05 -0.39
406 178.657417 -0.75 -0.16 -0.05 -0.41
407 178.634534 -0.76 -0.17 -0.06 -0.43
408 178.699228 -0.72 -0.15 -0.05 -0.39
409 178.771773 -0.68 -0.12 -0.04 -0.35
410 178.764189 -0.69 -0.13 -0.04 -0.36
411 178.772500 -0.68 -0.12 -0.04 -0.35
412 178.755311 -0.69 -0.13 -0.04 -0.36
413 178.792994 -0.67 -0.12 -0.04 -0.34
414 178.813755 -0.66 -0.11 -0.04 -0.33
415 178.796275 -0.67 -0.12 -0.04 -0.34
416 178.788668 -0.67 -0.12 -0.04 -0.34
417 178.784800 -0.68 -0.12 -0.04 -0.34
418 178.804554 -0.66 -0.11 -0.04 -0.33
419 178.785149 -0.67 -0.12 -0.04 -0.34
420 178.820186 -0.66 -0.11 -0.03 -0.32
421 178.906776 -0.61 -0.08 -0.02 -0.28
422 178.879986 -0.62 -0.09 -0.03 -0.29
423 178.888183 -0.62 -0.09 -0.03 -0.29
424 178.857049 -0.63 -0.10 -0.03 -0.30
425 178.901953 -0.61 -0.09 -0.02 -0.28
426 178.875196 -0.62 -0.09 -0.03 -0.30
427 178.958810 -0.58 -0.07 -0.02 -0.25
428 179.012593 -0.55 -0.06 -0.01 -0.22
429 179.056484 -0.52 -0.05 -0.00 -0.20
430 179.003667 -0.55 -0.06 -0.01 -0.23
431 179.023255 -0.54 -0.05 -0.01 -0.22
432 179.063922 -0.52 -0.05 -0.00 -0.19
433 179.066360 -0.52 -0.04 -0.00 -0.19
434 179.029777 -0.54 -0.05 -0.01 -0.21
435 178.965308 -0.57 -0.07 -0.02 -0.25
436 178.961385 -0.58 -0.07 -0.02 -0.25
437 178.984482 -0.56 -0.06 -0.01 -0.24
438 178.937164 -0.59 -0.08 -0.02 -0.26
439 178.923115 -0.60 -0.08 -0.02 -0.27
440 178.918773 -0.60 -0.08 -0.02 -0.27
441 178.909344 -0.61 -0.08 -0.02 -0.28
442 178.970717 -0.57 -0.07 -0.02 -0.24
443 179.016412 -0.55 -0.06 -0.01 -0.22
444 179.049949 -0.53 -0.05 -0.01 -0.20
445 179.051978 -0.53 -0.05 -0.01 -0.20
446 179.072077 -0.52 -0.04 -0.00 -0.19
447 179.085865 -0.51 -0.04 -0.00 -0.18
448 179.109386 -0.49 -0.04 0.00 -0.17
449 179.146824 -0.47 -0.03 0.01 -0.15
450 179.169616 -0.46 -0.02 0.01 -0.14
451 179.159535 -0.47 -0.03 0.01 -0.15
452 179.187897 -0.45 -0.02 0.01 -0.13
453 179.157390 -0.47 -0.03 0.01 -0.15
454 179.165707 -0.46 -0.03 0.01 -0.14
455 179.193428 -0.45 -0.02 0.01 -0.13
456 179.214848 -0.44 -0.02 0.02 -0.12
457 179.222274 -0.43 -0.02 0.02 -0.11
458 179.256160 -0.41 -0.01 0.02 -0.10
459 179.198082 -0.45 -0.02 0.01 -0.13
460 179.214146 -0.44 -0.02 0.02 -0.12
461 179.144652 -0.48 -0.03 0.01 -0.15
462 179.181370 -0.45 -0.02 0.01 -0.14
463 179.147236 -0.47 -0.03 0.01 -0.15
464 179.175365 -0.46 -0.02 0.01 -0.14
465 179.153738 -0.47 -0.03 0.01 -0.15
466 179.227711 -0.43 -0.02 0.02 -0.11
467 179.196308 -0.45 -0.02 0.01 -0.13
468 179.206137 -0.44 -0.02 0.01 -0.12
469 179.228978 -0.43 -0.02 0.02 -0.11
470 179.247264 -0.42 -0.01 0.02 -0.10
471 179.277819 -0.40 -0.01 0.02 -0.09
472 179.271322 -0.40 -0.01 0.02 -0.09
473 179.302877 -0.39 -0.01 0.03 -0.08
474 179.323330 -0.38 -0.01 0.03 -0.07
475 179.318224 -0.38 -0.01 0.03 -0.07
476 179.335298 -0.37 -0.00 0.03 -0.06
477 179.349524 -0.36 -0.00 0.03 -0.06
478 179.351679 -0.36 -0.00 0.03 -0.06
479 179.387870 -0.34 0.00 0.04 -0.04
480 179.412665 -0.33 0.00 0.04 -0.03
481 179.410820 -0.33 0.00 0.04 -0.03
482 179.399860 -0.33 0.00 0.04 -0.04
483 179.416379 -0.32 0.00 0.04 -0.03
484 179.387488 -0.34 0.00 0.04 -0.04
485 179.427172 -0.32 0.01 0.04 -0.03
486 179.383993 -0.34 0.00 0.03 -0.05
487 179.362867 -0.35 -0.00 0.03 -0.05
488 179.405865 -0.33 0.00 0.04 -0.04
489 179.435344 -0.31 0.01 0.04 -0.03
490 179.400191 -0.33 0.00 0.04 -0.04
491 179.445925 -0.31 0.01 0.04 -0.02
492 179.433696 -0.31 0.01 0.04 -0.03
493 179.428740 -0.32 0.01 0.04 -0.03
494 179.463496 -0.30 0.01 0.04 -0.02
495 179.468464 -0.30 0.01 0.04 -0.01
496 179.483330 -0.29 0.01 0.04 -0.01
497 179.496977 -0.28 0.01 0.04 -0.01
498 179.502194 -0.28 0.01 0.05 -0.00
499 179.542202 -0.25 0.02 0.05 0.01
500 179.454999 -0.30 0.01 0.04 -0.02
501 179.522395 -0.27 0.02 0.05 0.00
502 179.528685 -0.26 0.02 0.05 0.00
503 179.527860 -0.26 0.02 0.05 0.00
504 179.548387 -0.25 0.02 0.05 0.01
505 179.569250 -0.24 0.02 0.05 0.02
506 179.548632 -0.25 0.02 0.05 0.01
507 179.626598 -0.21 0.03 0.05 0.04
508 179.606596 -0.22 0.03 0.05 0.03
509 179.587148 -0.23 0.02 0.05 0.02
510 179.508991 -0.27 0.01 0.05 -0.00
511 179.518197 -0.27 0.02 0.05 0.00
512 179.538796 -0.26 0.02 0.05 0.01
513 179.517346 -0.27 0.02 0.05 -0.00
514 179.525291 -0.26 0.02 0.05 0.00
515 179.529358 -0.26 0.02 0.05 0.00
516 179.527067 -0.26 0.02 0.05 0.00
517 179.570043 -0.24 0.02 0.05 0.02
518 179.558203 -0.25 0.02 0.05 0.01
519 179.576235 -0.24 0.02 0.05 0.02
520 179.602001 -0.22 0.03 0.05 0.03
521 179.586420 -0.23 0.02 0.05 0.02
522 179.545457 -0.25 0.02 0.05 0.01
523 179.557200 -0.25 0.02 0.05 0.01
524 179.540799 -0.26 0.02 0.05 0.01
525 179.502184 -0.28 0.01 0.04 -0.01
526 179.491800 -0.28 0.01 0.04 -0.01
527 179.552368 -0.25 0.02 0.05 0.01
528 179.549215 -0.25 0.02 0.05 0.01
529 179.490447 -0.28 0.01 0.04 -0.01
530 179.493902 -0.28 0.01 0.04 -0.01
531 179.463749 -0.30 0.01 0.04 -0.02
532 179.471847 -0.29 0.01 0.04 -0.02
533 179.434098 -0.31 0.01 0.04 -0.03
534 179.452444 -0.30 0.01 0.04 -0.02
535 179.455333 -0.30 0.01 0.04 -0.02
536 179.505158 -0.27 0.01 0.05 -0.00
537 179.470270 -0.29 0.01 0.04 -0.02
538 179.529644 -0.26 0.02 0.05 0.00
539 179.505080 -0.27 0.01 0.05 -0.00
540 179.542947 -0.25 0.02 0.05 0.01
541 179.554789 -0.25 0.02 0.05 0.01
542 179.527059 -0.26 0.02 0.05 0.00
543 179.531209 -0.26 0.02 0.05 0.00
544 179.562956 -0.24 0.02 0.05 0.02
545 179.595076 -0.22 0.02 0.05 0.03
546 179.568521 -0.24 0.02 0.05 0.02
547 179.548962 -0.25 0.02 0.05 0.01
548 179.534307 -0.26 0.02 0.05 0.01
549 179.454451 -0.30 0.01 0.04 -0.02
550 179.464537 -0.30 0.01 0.04 -0.02
551 179.431172 -0.32 0.01 0.04 -0.03
552 179.376879 -0.35 -0.00 0.04 -0.05
553 179.396003 -0.34 0.00 0.04 -0.04
554 179.400521 -0.33 0.00 0.04 -0.04
555 179.444301 -0.31 0.01 0.04 -0.02
556 179.498358 -0.28 0.01 0.04 -0.01
557 179.465295 -0.30 0.01 0.04 -0.02
558 179.448355 -0.31 0.01 0.04 -0.02
559 179.442593 -0.31 0.01 0.04 -0.02
560 179.414693 -0.33 0.00 0.04 -0.03
561 179.465394 -0.30 0.01 0.04 -0.02
562 179.458021 -0.30 0.01 0.04 -0.02
563 179.507812 -0.27 0.02 0.05 -0.00
564 179.505639 -0.27 0.01 0.05 -0.00
565 179.490502 -0.28 0.01 0.04 -0.01
566 179.531925 -0.26 0.02 0.05 0.01
567 179.460748 -0.30 0.01 0.04 -0.02
568 179.468188 -0.30 0.01 0.04 -0.02
569 179.445902 -0.31 0.01 0.04 -0.02
570 179.447894 -0.31 0.01 0.04 -0.02
571 179.531915 -0.26 0.02 0.05 0.01
572 179.517703 -0.27 0.02 0.05 0.00
573 179.529613 -0.26 0.02 0.05 0.00
574 179.497459 -0.28 0.01 0.04 -0.01
575 179.526266 -0.26 0.02 0.05 0.00
576 179.499882 -0.28 0.01 0.04 -0.01
577 179.488461 -0.28 0.01 0.04 -0.01
578 179.502868 -0.28 0.01 0.04 -0.00
579 179.491076 -0.28 0.01 0.04 -0.01
580 179.484711 -0.29 0.01 0.04 -0.01
581 179.491907 -0.28 0.01 0.04 -0.01
582 179.487262 -0.28 0.01 0.04 -0.01
583 179.464001 -0.30 0.01 0.04 -0.02
584 179.476146 -0.29 0.01 0.04 -0.01
585 179.489558 -0.28 0.01 0.04 -0.01
586 179.478298 -0.29 0.01 0.04 -0.01
587 179.529895 -0.26 0.02 0.05 0.00
588 179.520940 -0.27 0.02 0.05 0.00
589 179.521334 -0.27 0.02 0.05 0.00
590 179.520405 -0.27 0.02 0.05 0.00
591 179.543654 -0.25 0.02 0.05 0.01
592 179.561979 -0.24 0.02 0.05 0.02
593 179.555796 -0.25 0.02 0.05 0.01
594 179.580414 -0.23 0.02 0.05 0.02
595 179.575002 -0.24 0.02 0.05 0.02
596 179.628212 -0.21 0.03 0.05 0.04
597 179.668626 -0.18 0.03 0.06 0.05
598 179.652748 -0.19 0.03 0.06 0.05
599 179.659079 -0.19 0.03 0.06 0.05
600 179.620931 -0.21 0.03 0.05 0.03
601 179.618222 -0.21 0.03 0.05 0.03
602 179.691678 -0.17 0.04 0.06 0.06
603 179.722193 -0.15 0.04 0.06 0.07
604 179.730068 -0.15 0.04 0.06 0.07
605 179.740455 -0.14 0.04 0.06 0.07
606 179.757781 -0.13 0.04 0.06 0.08
607 179.737265 -0.15 0.04 0.06 0.07
608 179.711783 -0.16 0.04 0.06 0.07
609 179.711216 -0.16 0.04 0.06 0.07
610 179.654387 -0.19 0.03 0.06 0.05
611 179.687657 -0.17 0.04 0.06 0.06
612 179.669584 -0.18 0.03 0.06 0.05
613 179.709694 -0.16 0.04 0.06 0.06
614 179.702105 -0.17 0.04 0.06 0.06
615 179.708264 -0.16 0.04 0.06 0.06
616 179.721713 -0.15 0.04 0.06 0.07
617 179.713558 -0.16 0.04 0.06 0.07
618 179.705120 -0.16 0.04 0.06 0.06
619 179.677413 -0.18 0.03 0.06 0.05
620 179.702989 -0.17 0.04 0.06 0.06
621 179.756260 -0.14 0.04 0.06 0.08
622 179.747155 -0.14 0.04 0.06 0.08
623 179.776616 -0.12 0.05 0.06 0.09
624 179.797145 -0.11 0.05 0.06 0.09
625 179.829807 -0.09 0.05 0.07 0.10
626 179.802916 -0.11 0.05 0.06 0.10
627 179.791154 -0.12 0.05 0.06 0.09
628 179.785991 -0.12 0.05 0.06 0.09
629 179.806848 -0.11 0.05 0.06 0.10
630 179.760379 -0.13 0.04 0.06 0.08
631 179.806783 -0.11 0.05 0.06 0.10
632 179.820823 -0.10 0.05 0.07 0.10
633 179.900160 -0.06 0.06 0.07 0.13
634 179.892410 -0.06 0.06 0.07 0.13
635 179.821598 -0.10 0.05 0.06 0.10
636 179.800050 -0.11 0.05 0.06 0.09
637 179.843234 -0.09 0.05 0.07 0.11
638 179.879803 -0.07 0.06 0.07 0.12
639 179.896578 -0.06 0.06 0.07 0.13
640 179.898521 -0.06 0.06 0.07 0.13
641 179.846154 -0.09 0.05 0.07 0.11
642 179.869410 -0.07 0.06 0.07 0.12
643 179.899826 -0.06 0.06 0.07 0.13
644 179.914692 -0.05 0.06 0.07 0.13
645 179.965649 -0.02 0.07 0.07 0.15
646 179.913510 -0.05 0.06 0.07 0.13
647 179.876617 -0.07 0.06 0.07 0.12
648 179.885690 -0.06 0.06 0.07 0.12
649 179.947886 -0.03 0.06 0.07 0.14
650 179.970030 -0.02 0.07 0.07 0.15
651 179.983243 -0.01 0.07 0.07 0.16
652 179.985917 -0.01 0.07 0.07 0.16
653 180.001097 0.00 0.07 0.07 0.16
654 180.026438 0.01 0.07 0.07 0.17
655 180.041298 0.02 0.07 0.07 0.17
656 180.095940 0.05 0.08 0.07 0.19
657 180.106959 0.06 0.08 0.07 0.20
658 180.094153 0.05 0.08 0.07 0.19
659 180.139193 0.08 0.09 0.07 0.21
660 180.144751 0.08 0.09 0.07 0.21
661 180.153518 0.09 0.09 0.07 0.21
662 180.125828 0.07 0.08 0.07 0.20
663 180.072600 0.04 0.08 0.07 0.18
664 180.041961 0.02 0.08 0.07 0.17
665 180.011966 0.01 0.07 0.07 0.16
666 180.040714 0.02 0.07 0.07 0.17
667 180.062147 0.03 0.08 0.07 0.18
668 180.019479 0.01 0.07 0.07 0.17
669 180.042370 0.02 0.08 0.07 0.17
670 180.010525 0.01 0.07 0.07 0.16
671 179.958770 -0.02 0.07 0.07 0.15
672 179.936105 -0.04 0.06 0.07 0.14
673 179.909866 -0.05 0.06 0.07 0.13
674 179.871943 -0.07 0.05 0.07 0.12
675 179.858886 -0.08 0.05 0.07 0.11
676 179.870297 -0.07 0.05 0.07 0.12
677 179.886966 -0.06 0.06 0.07 0.12
678 179.821922 -0.10 0.05 0.07 0.10
679 179.759420 -0.13 0.04 0.07 0.08
680 179.833226 -0.09 0.05 0.07 0.11
681 179.839307 -0.09 0.05 0.07 0.11
682 179.767125 -0.13 0.04 0.07 0.08
683 179.754327 -0.14 0.04 0.07 0.08
684 179.720978 -0.16 0.03 0.07 0.07
685 179.754239 -0.14 0.04 0.07 0.08
686 179.718015 -0.16 0.03 0.07 0.07
687 179.712325 -0.16 0.03 0.07 0.07
688 179.739180 -0.14 0.04 0.07 0.07
689 179.766287 -0.13 0.04 0.07 0.08
690 179.788972 -0.12 0.04 0.07 0.09
691 179.765306 -0.13 0.04 0.07 0.08
692 179.828501 -0.10 0.05 0.07 0.10
693 179.871230 -0.07 0.06 0.07 0.12
694 179.882897 -0.07 0.06 0.07 0.12
695 179.870234 -0.07 0.06 0.07 0.12
696 179.911876 -0.05 0.06 0.07 0.13
697 179.883295 -0.06 0.06 0.07 0.12
698 179.833407 -0.09 0.05 0.07 0.11
699 179.828314 -0.10 0.05 0.07 0.10
700 179.795122 -0.11 0.04 0.07 0.09
701 179.807632 -0.11 0.05 0.07 0.10
702 179.814834 -0.10 0.05 0.07 0.10
703 179.793207 -0.11 0.04 0.07 0.09
704 179.841643 -0.09 0.05 0.07 0.11
705 179.829245 -0.09 0.05 0.07 0.10
706 179.768338 -0.13 0.04 0.07 0.08
707 179.720196 -0.16 0.03 0.07 0.07
708 179.725729 -0.15 0.03 0.07 0.07
709 179.705827 -0.16 0.03 0.07 0.06
710 179.706714 -0.16 0.03 0.07 0.06
711 179.742797 -0.14 0.04 0.07 0.08
712 179.732664 -0.15 0.04 0.07 0.07
713 179.691872 -0.17 0.03 0.07 0.06
714 179.679843 -0.18 0.03 0.07 0.05
715 179.667737 -0.18 0.03 0.07 0.05
716 179.693545 -0.17 0.03 0.07 0.06
717 179.672096 -0.18 0.03 0.07 0.05
718 179.712955 -0.16 0.03 0.07 0.07
719 179.719928 -0.16 0.03 0.07 0.07
720 179.668093 -0.18 0.03 0.07 0.05
721 179.665710 -0.19 0.02 0.07 0.05
722 179.634788 -0.20 0.02 0.07 0.04
723 179.631048 -0.20 0.02 0.07 0.04
724 179.686457 -0.17 0.03 0.07 0.06
725 179.675626 -0.18 0.03 0.07 0.05
726 179.718531 -0.16 0.03 0.07 0.07
727 179.716615 -0.16 0.03 0.07 0.07
728 179.717250 -0.16 0.03 0.07 0.07
729 179.694802 -0.17 0.03 0.07 0.06
730 179.704724 -0.16 0.03 0.07 0.06
731 179.683985 -0.18 0.03 0.07 0.06
732 179.732369 -0.15 0.04 0.07 0.07
733 179.691582 -0.17 0.03 0.07 0.06
734 179.708788 -0.16 0.03 0.07 0.06
735 179.730572 -0.15 0.03 0.07 0.07
736 179.753681 -0.14 0.04 0.07 0.08
737 179.759750 -0.13 0.04 0.07 0.08
738 179.764230 -0.13 0.04 0.07 0.08
739 179.738889 -0.15 0.04 0.07 0.07
740 179.739326 -0.14 0.04 0.07 0.07
741 179.775403 -0.12 0.04 0.07 0.09
742 179.776541 -0.12 0.04 0.07 0.09
743 179.729603 -0.15 0.03 0.07 0.07
744 179.727510 -0.15 0.03 0.07 0.07
745 179.757863 -0.13 0.04 0.07 0.08
746 179.730647 -0.15 0.03 0.07 0.07
747 179.735099 -0.15 0.04 0.07 0.07
748 179.626389 -0.21 0.02 0.07 0.04
749 179.614332 -0.21 0.01 0.07 0.03
750 179.546657 -0.25 -0.00 0.07 0.01
751 179.547027 -0.25 -0.00 0.07 0.01
752 179.542716 -0.25 -0.00 0.07 0.01
753 179.467974 -0.30 -0.02 0.07 -0.02
754 179.523761 -0.26 -0.01 0.07 0.00
755 179.508371 -0.27 -0.01 0.07 -0.00
756 179.557814 -0.25 0.00 0.07 0.01
757 179.636862 -0.20 0.02 0.07 0.04
758 179.615951 -0.21 0.02 0.07 0.03
759 179.604462 -0.22 0.01 0.07 0.03
760 179.576260 -0.24 0.00 0.07 0.02
761 179.608853 -0.22 0.01 0.07 0.03
762 179.594800 -0.23 0.01 0.07 0.03
763 179.611275 -0.22 0.01 0.07 0.03
764 179.612769 -0.22 0.01 0.07 0.03
765 179.591887 -0.23 0.01 0.07 0.03
766 179.599826 -0.22 0.01 0.07 0.03
767 179.588530 -0.23 0.01 0.07 0.02
768 179.577097 -0.23 0.01 0.07 0.02
769 179.546355 -0.25 -0.00 0.07 0.01
770 179.582844 -0.23 0.01 0.07 0.02
771 179.591654 -0.23 0.01 0.07 0.03
772 179.602788 -0.22 0.01 0.07 0.03
773 179.617321 -0.21 0.02 0.07 0.03
774 179.650854 -0.19 0.02 0.07 0.05
775 179.634669 -0.20 0.02 0.07 0.04
776 179.664771 -0.19 0.03 0.07 0.05
777 179.687089 -0.17 0.03 0.07 0.06
778 179.674990 -0.18 0.03 0.07 0.05
779 179.653163 -0.19 0.02 0.07 0.05
780 179.609774 -0.22 0.01 0.07 0.03
781 179.606794 -0.22 0.01 0.07 0.03
782 179.591293 -0.23 0.01 0.07 0.03
783 179.612760 -0.22 0.01 0.07 0.03
784 179.628862 -0.21 0.02 0.07 0.04
785 179.615667 -0.21 0.01 0.07 0.03
786 179.588349 -0.23 0.01 0.07 0.02
787 179.606532 -0.22 0.01 0.07 0.03
788 179.562401 -0.24 0.00 0.07 0.02
789 179.549039 -0.25 -0.00 0.07 0.01
790 179.515656 -0.27 -0.01 0.07 -0.00
791 179.460887 -0.30 -0.02 0.07 -0.02
792 179.419887 -0.32 -0.04 0.07 -0.03
793 179.442218 -0.31 -0.03 0.07 -0.02
794 179.465448 -0.30 -0.02 0.07 -0.02
795 179.463342 -0.30 -0.03 0.07 -0.02
796 179.435870 -0.31 -0.03 0.07 -0.03
797 179.424359 -0.32 -0.04 0.07 -0.03
798 179.406348 -0.33 -0.04 0.07 -0.04
799 179.397674 -0.33 -0.04 0.07 -0.04
800 179.405526 -0.33 -0.04 0.07 -0.04
801 179.474457 -0.29 -0.02 0.07 -0.01
802 179.478573 -0.29 -0.02 0.07 -0.01
803 179.473368 -0.29 -0.02 0.07 -0.01
804 179.469754 -0.29 -0.02 0.07 -0.02
805 179.466615 -0.30 -0.02 0.07 -0.02
806 179.497636 -0.28 -0.02 0.07 -0.01
807 179.508372 -0.27 -0.01 0.07 -0.00
808 179.528440 -0.26 -0.01 0.07 0.00
809 179.566363 -0.24 0.00 0.07 0.02
810 179.555017 -0.25 0.00 0.07 0.01
811 179.585182 -0.23 0.01 0.07 0.02
812 179.550756 -0.25 -0.00 0.07 0.01
813 179.517796 -0.27 -0.01 0.07 0.00
814 179.511145 -0.27 -0.01 0.07 -0.00
815 179.511714 -0.27 -0.01 0.07 -0.00
816 179.415488 -0.32 -0.04 0.07 -0.03
817 179.402324 -0.33 -0.04 0.07 -0.04
818 179.372559 -0.35 -0.05 0.07 -0.05
819 179.354249 -0.36 -0.06 0.06 -0.05
820 179.345149 -0.36 -0.06 0.06 -0.06
821 179.344944 -0.36 -0.06 0.06 -0.06
822 179.351668 -0.36 -0.06 0.06 -0.06
823 179.309059 -0.38 -0.07 0.06 -0.07
824 179.352906 -0.36 -0.06 0.06 -0.06
825 179.391729 -0.34 -0.05 0.07 -0.04
826 179.425217 -0.32 -0.04 0.07 -0.03
827 179.433085 -0.31 -0.03 0.07 -0.03
828 179.420304 -0.32 -0.04 0.07 -0.03
829 179.463545 -0.30 -0.02 0.07 -0.02
830 179.419891 -0.32 -0.04 0.07 -0.03
831 179.427294 -0.32 -0.04 0.07 -0.03
832 179.311725 -0.38 -0.07 0.06 -0.07
833 179.332909 -0.37 -0.06 0.06 -0.06
834 179.356658 -0.36 -0.06 0.06 -0.05
835 179.439363 -0.31 -0.03 0.07 -0.03
836 179.434506 -0.31 -0.03 0.07 -0.03
837 179.461212 -0.30 -0.03 0.07 -0.02
838 179.485888 -0.29 -0.02 0.07 -0.01
839 179.470398 -0.29 -0.02 0.07 -0.01
840 179.519381 -0.27 -0.01 0.07 0.00
841 179.489703 -0.28 -0.02 0.07 -0.01
842 179.530554 -0.26 -0.00 0.07 0.01
843 179.526191 -0.26 -0.01 0.07 0.00
844 179.548650 -0.25 0.00 0.07 0.01
845 179.565293 -0.24 0.01 0.07 0.02
846 179.530234 -0.26 -0.00 0.07 0.01
847 179.607628 -0.22 0.02 0.07 0.03
848 179.596871 -0.22 0.01 0.07 0.03
849 179.565264 -0.24 0.01 0.07 0.02
850 179.556903 -0.25 0.00 0.07 0.02
851 179.510347 -0.27 -0.01 0.07 -0.00
852 179.533565 -0.26 -0.00 0.07 0.01
853 179.518425 -0.27 -0.01 0.07 0.00
854 179.528825 -0.26 -0.01 0.07 0.01
855 179.525383 -0.26 -0.01 0.07 0.00
856 179.577068 -0.23 0.01 0.07 0.02
857 179.637307 -0.20 0.03 0.07 0.04
858 179.616504 -0.21 0.02 0.07 0.04
859 179.641215 -0.20 0.03 0.07 0.04
860 179.581957 -0.23 0.01 0.07 0.02
861 179.596743 -0.22 0.01 0.07 0.03
862 179.612813 -0.22 0.02 0.07 0.03
863 179.677579 -0.18 0.04 0.07 0.06
864 179.671033 -0.18 0.03 0.07 0.05
865 179.629108 -0.21 0.02 0.07 0.04
866 179.575351 -0.24 0.01 0.07 0.02
867 179.556081 -0.25 0.00 0.07 0.01
868 179.550966 -0.25 0.00 0.07 0.01
869 179.597859 -0.22 0.01 0.07 0.03
870 179.609177 -0.22 0.02 0.07 0.03
871 179.558479 -0.25 0.00 0.07 0.02
872 179.553829 -0.25 0.00 0.07 0.01
873 179.608743 -0.22 0.02 0.07 0.03
874 179.611826 -0.22 0.02 0.07 0.03
875 179.600609 -0.22 0.01 0.07 0.03
876 179.595295 -0.22 0.01 0.07 0.03
877 179.577947 -0.23 0.01 0.07 0.02
878 179.578331 -0.23 0.01 0.07 0.02
879 179.546059 -0.25 0.00 0.07 0.01
880 179.614178 -0.21 0.02 0.07 0.03
881 179.607197 -0.22 0.02 0.07 0.03
882 179.583030 -0.23 0.01 0.07 0.02
883 179.578565 -0.23 0.01 0.07 0.02
884 179.616863 -0.21 0.02 0.07 0.04
885 179.661758 -0.19 0.03 0.07 0.05
886 179.653578 -0.19 0.03 0.07 0.05
887 179.612066 -0.22 0.02 0.07 0.03
888 179.593819 -0.23 0.01 0.07 0.03
889 179.557785 -0.25 0.00 0.07 0.02
890 179.549797 -0.25 0.00 0.07 0.01
891 179.571926 -0.24 0.01 0.07 0.02
892 179.598670 -0.22 0.01 0.07 0.03
893 179.609476 -0.22 0.02 0.07 0.03
894 179.620998 -0.21 0.02 0.07 0.04
895 179.616740 -0.21 0.02 0.07 0.04
896 179.636994 -0.20 0.02 0.07 0.04
897 179.584975 -0.23 0.01 0.07 0.02
898 179.608668 -0.22 0.02 0.07 0.03
899 179.585054 -0.23 0.01 0.07 0.02
900 179.591881 -0.23 0.01 0.07 0.03
901 179.616422 -0.21 0.02 0.07 0.04
902 179.581487 -0.23 0.01 0.07 0.02
903 179.590744 -0.23 0.01 0.07 0.03
904 179.566185 -0.24 0.01 0.07 0.02
905 179.526236 -0.26 -0.01 0.07 0.00
906 179.491965 -0.28 -0.01 0.07 -0.01
907 179.552449 -0.25 0.00 0.07 0.01
908 179.540940 -0.26 -0.00 0.07 0.01
909 179.517585 -0.27 -0.01 0.07 0.00
910 179.520092 -0.27 -0.01 0.07 0.00
911 179.527378 -0.26 -0.00 0.07 0.01
912 179.491113 -0.28 -0.01 0.07 -0.01
913 179.504442 -0.28 -0.01 0.07 -0.00
914 179.517036 -0.27 -0.01 0.07 0.00
915 179.619218 -0.21 0.02 0.07 0.04
916 179.654519 -0.19 0.03 0.07 0.05
917 179.670826 -0.18 0.03 0.07 0.05
918 179.707737 -0.16 0.04 0.07 0.07
919 179.741365 -0.14 0.05 0.07 0.08
920 179.713019 -0.16 0.04 0.07 0.07
921 179.728667 -0.15 0.05 0.07 0.07
922 179.718526 -0.16 0.04 0.07 0.07
923 179.674842 -0.18 0.03 0.07 0.06
924 179.611253 -0.22 0.02 0.07 0.03
925 179.566334 -0.24 0.01 0.07 0.02
926 179.538290 -0.26 0.00 0.07 0.01
927 179.590168 -0.23 0.01 0.07 0.03
928 179.622435 -0.21 0.02 0.07 0.04
929 179.630035 -0.21 0.02 0.07 0.04
930 179.609762 -0.22 0.02 0.07 0.03
931 179.585943 -0.23 0.01 0.07 0.03
932 179.597318 -0.22 0.02 0.07 0.03
933 179.666706 -0.19 0.03 0.07 0.05
934 179.685678 -0.17 0.04 0.07 0.06
935 179.771437 -0.13 0.06 0.07 0.09
936 179.780531 -0.12 0.06 0.07 0.09
937 179.783440 -0.12 0.06 0.07 0.09
938 179.773682 -0.13 0.06 0.07 0.09
939 179.745765 -0.14 0.05 0.07 0.08
940 179.749797 -0.14 0.05 0.07 0.08
941 179.725979 -0.15 0.05 0.07 0.07
942 179.700364 -0.17 0.04 0.07 0.06
943 179.689907 -0.17 0.04 0.07 0.06
944 179.655987 -0.19 0.03 0.07 0.05
945 179.613499 -0.21 0.02 0.07 0.03
946 179.595009 -0.22 0.02 0.07 0.03
947 179.589423 -0.23 0.02 0.07 0.03
948 179.647597 -0.20 0.03 0.07 0.05
949 179.679099 -0.18 0.04 0.07 0.06
950 179.658914 -0.19 0.03 0.07 0.05
951 179.617388 -0.21 0.02 0.07 0.04
952 179.547320 -0.25 0.01 0.07 0.01
953 179.519910 -0.27 0.00 0.07 0.00
954 179.559785 -0.24 0.01 0.07 0.02
955 179.541907 -0.25 0.01 0.07 0.01
956 179.544046 -0.25 0.01 0.07 0.01
957 179.545103 -0.25 0.01 0.07 0.01
958 179.541086 -0.25 0.01 0.07 0.01
959 179.540450 -0.26 0.01 0.07 0.01
960 179.549800 -0.25 0.01 0.07 0.01
961 179.604346 -0.22 0.02 0.07 0.03
962 179.622868 -0.21 0.02 0.07 0.04
963 179.578425 -0.23 0.01 0.07 0.02
964 179.630533 -0.21 0.03 0.07 0.04
965 179.612205 -0.22 0.02 0.07 0.03
966 179.625138 -0.21 0.02 0.07 0.04
967 179.604134 -0.22 0.02 0.07 0.03
968 179.618373 -0.21 0.02 0.07 0.04
969 179.602013 -0.22 0.02 0.07 0.03
970 179.576838 -0.24 0.01 0.07 0.02
971 179.579706 -0.23 0.01 0.07 0.02
972 179.579324 -0.23 0.01 0.07 0.02
973 179.596854 -0.22 0.02 0.07 0.03
974 179.595174 -0.22 0.02 0.07 0.03
975 179.669135 -0.18 0.03 0.07 0.05
976 179.639804 -0.20 0.03 0.07 0.04
977 179.602110 -0.22 0.02 0.07 0.03
978 179.590394 -0.23 0.02 0.07 0.03
979 179.555575 -0.25 0.01 0.07 0.01
980 179.619088 -0.21 0.02 0.07 0.04
981 179.637441 -0.20 0.03 0.07 0.04
982 179.629617 -0.21 0.03 0.07 0.04
983 179.633080 -0.20 0.03 0.07 0.04
984 179.635308 -0.20 0.03 0.07 0.04
985 179.624984 -0.21 0.02 0.07 0.04
986 179.646254 -0.20 0.03 0.07 0.05
987 179.590972 -0.23 0.02 0.07 0.03
988 179.624541 -0.21 0.02 0.07 0.04
989 179.622266 -0.21 0.02 0.07 0.04
990 179.633958 -0.20 0.03 0.07 0.04
991 179.663354 -0.19 0.03 0.07 0.05
992 179.644970 -0.20 0.03 0.07 0.05
993 179.604641 -0.22 0.02 0.07 0.03
994 179.642618 -0.20 0.03 0.07 0.04
995 179.602825 -0.22 0.02 0.07 0.03
996 179.562808 -0.24 0.01 0.07 0.02
997 179.562809 -0.24 0.01 0.07 0.02
998 179.524619 -0.26 0.00 0.07 0.00
999 179.493159 -0.28 -0.00 0.07 -0.01
1000 179.542440 -0.25 0.01 0.07 0.01
1001 179.557038 -0.25 0.01 0.07 0.02
1002 179.558553 -0.25 0.01 0.07 0.02
1003 179.551524 -0.25 0.01 0.07 0.01
1004 179.579073 -0.23 0.01 0.07 0.02
1005 179.545414 -0.25 0.01 0.07 0.01
1006 179.555181 -0.25 0.01 0.07 0.01
1007 179.576341 -0.24 0.01 0.07 0.02
1008 179.629938 -0.21 0.03 0.07 0.04
1009 179.634787 -0.20 0.03 0.07 0.04
1010 179.622595 -0.21 0.02 0.07 0.04
1011 179.630735 -0.21 0.03 0.07 0.04
1012 179.587104 -0.23 0.02 0.07 0.03
1013 179.652827 -0.19 0.03 0.07 0.05
1014 179.669999 -0.18 0.03 0.07 0.05
1015 179.660175 -0.19 0.03 0.07 0.05
1016 179.655827 -0.19 0.03 0.07 0.05
1017 179.676569 -0.18 0.04 0.07 0.06
1018 179.664210 -0.19 0.03 0.07 0.05
1019 179.635177 -0.20 0.03 0.07 0.04
1020 179.615865 -0.21 0.02 0.07 0.04
1021 179.643227 -0.20 0.03 0.07 0.04
1022 179.579628 -0.23 0.01 0.07 0.02
1023 179.586871 -0.23 0.02 0.07 0.03
1024 179.589570 -0.23 0.02 0.07 0.03
1025 179.609230 -0.22 0.02 0.07 0.03
1026 179.619338 -0.21 0.02 0.07 0.04
1027 179.572449 -0.24 0.01 0.07 0.02
1028 179.538484 -0.26 0.01 0.07 0.01
1029 179.535823 -0.26 0.00 0.07 0.01
1030 179.528579 -0.26 0.00 0.07 0.01
1031 179.545630 -0.25 0.01 0.07 0.01
1032 179.594827 -0.23 0.02 0.07 0.03
1033 179.605565 -0.22 0.02 0.07 0.03
1034 179.619166 -0.21 0.02 0.07 0.04
1035 179.659600 -0.19 0.03 0.07 0.05
1036 179.685253 -0.17 0.04 0.07 0.06
1037 179.647971 -0.20 0.03 0.07 0.05
1038 179.649646 -0.19 0.03 0.07 0.05
1039 179.544058 -0.25 0.01 0.07 0.01
1040 179.587307 -0.23 0.02 0.07 0.03
1041 179.489075 -0.28 -0.01 0.07 -0.01
1042 179.541551 -0.25 0.01 0.07 0.01
1043 179.498675 -0.28 -0.00 0.07 -0.00
1044 179.505814 -0.27 -0.00 0.07 -0.00
1045 179.496151 -0.28 -0.00 0.07 -0.01
1046 179.521476 -0.27 0.00 0.07 0.00
1047 179.562944 -0.24 0.01 0.07 0.02
1048 179.562329 -0.24 0.01 0.07 0.02
1049 179.540731 -0.26 0.01 0.07 0.01
1050 179.480481 -0.29 -0.01 0.07 -0.01
1051 179.518090 -0.27 0.00 0.07 0.00
1052 179.480140 -0.29 -0.01 0.07 -0.01
1053 179.427353 -0.32 -0.02 0.07 -0.03
1054 179.527599 -0.26 0.00 0.07 0.01
1055 179.566987 -0.24 0.01 0.07 0.02
1056 179.579306 -0.23 0.02 0.07 0.02
1057 179.603998 -0.22 0.02 0.07 0.03
1058 179.666549 -0.19 0.04 0.07 0.05
1059 179.674858 -0.18 0.04 0.07 0.06
1060 179.688218 -0.17 0.04 0.07 0.06
1061 179.699333 -0.17 0.05 0.07 0.06
1062 179.701235 -0.17 0.05 0.07 0.06
1063 179.719762 -0.16 0.05 0.07 0.07
1064 179.726775 -0.15 0.05 0.07 0.07
1065 179.666945 -0.19 0.04 0.07 0.05
1066 179.674740 -0.18 0.04 0.07 0.06
1067 179.658364 -0.19 0.04 0.07 0.05
1068 179.718114 -0.16 0.05 0.07 0.07
1069 179.705024 -0.16 0.05 0.07 0.07
1070 179.736819 -0.15 0.05 0.07 0.08
1071 179.705388 -0.16 0.05 0.07 0.07
1072 179.701913 -0.17 0.05 0.07 0.06
1073 179.698882 -0.17 0.05 0.07 0.06
1074 179.762999 -0.13 0.06 0.07 0.09
1075 179.697529 -0.17 0.05 0.07 0.06
1076 179.748132 -0.14 0.06 0.07 0.08
1077 179.730300 -0.15 0.05 0.07 0.07
1078 179.715897 -0.16 0.05 0.07 0.07
1079 179.668826 -0.18 0.04 0.07 0.05
1080 179.643994 -0.20 0.03 0.07 0.04
1081 179.673447 -0.18 0.04 0.07 0.05
1082 179.653850 -0.19 0.03 0.07 0.05
1083 179.689618 -0.17 0.04 0.07 0.06
1084 179.700714 -0.17 0.05 0.07 0.06
1085 179.692671 -0.17 0.04 0.07 0.06
1086 179.760098 -0.13 0.06 0.07 0.08
1087 179.797640 -0.11 0.07 0.07 0.10
1088 179.785461 -0.12 0.06 0.07 0.09
1089 179.804469 -0.11 0.07 0.07 0.10
1090 179.777604 -0.12 0.06 0.07 0.09
1091 179.768174 -0.13 0.06 0.07 0.09
1092 179.833779 -0.09 0.07 0.08 0.11
1093 179.798263 -0.11 0.07 0.07 0.10
1094 179.824242 -0.10 0.07 0.08 0.11
1095 179.861108 -0.08 0.08 0.08 0.12
1096 179.852510 -0.08 0.08 0.08 0.11
1097 179.831421 -0.09 0.07 0.08 0.11
1098 179.832416 -0.09 0.07 0.08 0.11
1099 179.884650 -0.06 0.08 0.08 0.13
1100 179.857220 -0.08 0.08 0.08 0.12
1101 179.862374 -0.08 0.08 0.08 0.12
1102 179.916457 -0.05 0.08 0.08 0.14
1103 179.902426 -0.05 0.08 0.08 0.13
1104 179.843476 -0.09 0.07 0.08 0.11
1105 179.853475 -0.08 0.07 0.08 0.12
1106 179.834051 -0.09 0.07 0.08 0.11
1107 179.824300 -0.10 0.07 0.08 0.11
1108 179.761953 -0.13 0.06 0.07 0.08
1109 179.760250 -0.13 0.06 0.07 0.08
1110 179.698797 -0.17 0.05 0.07 0.06
1111 179.669534 -0.18 0.05 0.07 0.05
1112 179.702608 -0.17 0.05 0.07 0.06
1113 179.632389 -0.20 0.04 0.07 0.04
1114 179.617449 -0.21 0.04 0.07 0.04
1115 179.679750 -0.18 0.05 0.07 0.06
1116 179.610857 -0.22 0.04 0.07 0.03
1117 179.562034 -0.24 0.03 0.07 0.02
1118 179.567491 -0.24 0.03 0.07 0.02
1119 179.585839 -0.23 0.03 0.07 0.03
1120 179.636867 -0.20 0.04 0.07 0.04
1121 179.648478 -0.20 0.04 0.07 0.05
1122 179.674282 -0.18 0.05 0.07 0.06
1123 179.639919 -0.20 0.04 0.07 0.04
1124 179.673574 -0.18 0.05 0.07 0.06
1125 179.689721 -0.17 0.05 0.07 0.06
1126 179.647663 -0.20 0.04 0.07 0.05
1127 179.703349 -0.16 0.05 0.07 0.07
1128 179.698762 -0.17 0.05 0.07 0.06
1129 179.655560 -0.19 0.04 0.07 0.05
1130 179.616451 -0.21 0.04 0.07 0.04
1131 179.597270 -0.22 0.03 0.07 0.03
1132 179.633995 -0.20 0.04 0.07 0.04
1133 179.665144 -0.19 0.05 0.07 0.05
1134 179.716370 -0.16 0.05 0.07 0.07
1135 179.684631 -0.18 0.05 0.07 0.06
1136 179.745173 -0.14 0.06 0.07 0.08
1137 179.728684 -0.15 0.06 0.07 0.07
1138 179.716209 -0.16 0.05 0.07 0.07
1139 179.662472 -0.19 0.05 0.07 0.05
1140 179.715831 -0.16 0.05 0.07 0.07
1141 179.678606 -0.18 0.05 0.07 0.06
1142 179.666694 -0.19 0.05 0.07 0.05
1143 179.703439 -0.16 0.05 0.07 0.07
1144 179.672107 -0.18 0.05 0.07 0.05
1145 179.750055 -0.14 0.06 0.07 0.08
1146 179.691693 -0.17 0.05 0.07 0.06
1147 179.629609 -0.21 0.04 0.07 0.04
1148 179.628234 -0.21 0.04 0.07 0.04
1149 179.567744 -0.24 0.03 0.07 0.02
1150 179.520359 -0.27 0.02 0.07 0.00
1151 179.491478 -0.28 0.01 0.07 -0.01
1152 179.495949 -0.28 0.01 0.07 -0.00
1153 179.498249 -0.28 0.01 0.07 -0.00
1154 179.531668 -0.26 0.02 0.07 0.01
1155 179.503372 -0.28 0.02 0.07 -0.00
1156 179.535083 -0.26 0.02 0.07 0.01
1157 179.612047 -0.22 0.04 0.07 0.03
1158 179.548513 -0.25 0.02 0.07 0.01
1159 179.489762 -0.28 0.01 0.07 -0.01
1160 179.438307 -0.31 0.00 0.07 -0.02
1161 179.516862 -0.27 0.02 0.07 0.00
1162 179.480254 -0.29 0.01 0.07 -0.01
1163 179.509243 -0.27 0.02 0.07 -0.00
1164 179.555908 -0.25 0.03 0.07 0.02
1165 179.614048 -0.21 0.04 0.07 0.04
1166 179.640931 -0.20 0.04 0.07 0.04
1167 179.673643 -0.18 0.05 0.07 0.06
1168 179.685853 -0.17 0.05 0.07 0.06
1169 179.699197 -0.17 0.06 0.07 0.06
1170 179.668336 -0.18 0.05 0.07 0.05
1171 179.665792 -0.19 0.05 0.07 0.05
1172 179.722068 -0.15 0.06 0.07 0.07
1173 179.728907 -0.15 0.06 0.07 0.07
1174 179.745556 -0.14 0.07 0.07 0.08
1175 179.736836 -0.15 0.06 0.07 0.08
1176 179.699725 -0.17 0.06 0.07 0.06
1177 179.694281 -0.17 0.05 0.07 0.06
1178 179.706386 -0.16 0.06 0.07 0.07
1179 179.746144 -0.14 0.07 0.07 0.08
1180 179.766501 -0.13 0.07 0.07 0.09
1181 179.737299 -0.15 0.06 0.07 0.08
1182 179.755542 -0.14 0.07 0.07 0.08
1183 179.740157 -0.14 0.06 0.07 0.08
1184 179.753869 -0.14 0.07 0.07 0.08
1185 179.668726 -0.18 0.05 0.07 0.05
1186 179.712121 -0.16 0.06 0.07 0.07
1187 179.759209 -0.13 0.07 0.07 0.08
1188 179.744977 -0.14 0.06 0.07 0.08
1189 179.755611 -0.14 0.07 0.07 0.08
1190 179.758468 -0.13 0.07 0.07 0.08
1191 179.785317 -0.12 0.07 0.07 0.09
1192 179.767447 -0.13 0.07 0.07 0.09
1193 179.772602 -0.13 0.07 0.07 0.09
1194 179.780369 -0.12 0.07 0.07 0.09
1195 179.758785 -0.13 0.07 0.07 0.08
1196 179.737657 -0.15 0.06 0.07 0.08
1197 179.787749 -0.12 0.07 0.07 0.09
1198 179.761861 -0.13 0.07 0.07 0.09
1199 179.752696 -0.14 0.07 0.07 0.08
1200 179.727657 -0.15 0.06 0.07 0.07
1201 179.717613 -0.16 0.06 0.07 0.07
1202 179.708336 -0.16 0.06 0.07 0.07
1203 179.683621 -0.18 0.05 0.07 0.06
1204 179.696562 -0.17 0.06 0.07 0.06
1205 179.798339 -0.11 0.08 0.07 0.10
1206 179.809856 -0.11 0.08 0.07 0.10
1207 179.807969 -0.11 0.08 0.07 0.10
1208 179.770191 -0.13 0.07 0.07 0.09
1209 179.720493 -0.16 0.06 0.07 0.07
1210 179.691718 -0.17 0.05 0.07 0.06
1211 179.730195 -0.15 0.06 0.07 0.07
1212 179.747138 -0.14 0.07 0.07 0.08
1213 179.735097 -0.15 0.06 0.07 0.08
1214 179.729847 -0.15 0.06 0.07 0.07
1215 179.780506 -0.12 0.07 0.07 0.09
1216 179.838108 -0.09 0.08 0.08 0.11
1217 179.819032 -0.10 0.08 0.08 0.10
1218 179.789645 -0.12 0.07 0.07 0.09
1219 179.779482 -0.12 0.07 0.07 0.09
1220 179.769006 -0.13 0.07 0.07 0.09
1221 179.788571 -0.12 0.07 0.07 0.09
1222 179.842886 -0.09 0.08 0.08 0.11
1223 179.835682 -0.09 0.08 0.08 0.11
1224 179.814734 -0.10 0.08 0.07 0.10
1225 179.813220 -0.10 0.08 0.07 0.10
1226 179.793673 -0.11 0.07 0.07 0.10
1227 179.807267 -0.11 0.08 0.07 0.10
1228 179.819863 -0.10 0.08 0.08 0.10
1229 179.807636 -0.11 0.08 0.07 0.10
1230 179.748830 -0.14 0.07 0.07 0.08
1231 179.725197 -0.15 0.06 0.07 0.07
1232 179.716297 -0.16 0.06 0.07 0.07
1233 179.739548 -0.14 0.06 0.07 0.08
1234 179.715049 -0.16 0.06 0.07 0.07
1235 179.719118 -0.16 0.06 0.07 0.07
1236 179.682434 -0.18 0.05 0.07 0.06
1237 179.705135 -0.16 0.06 0.07 0.07
1238 179.631704 -0.20 0.04 0.07 0.04
1239 179.638204 -0.20 0.04 0.07 0.04
1240 179.584582 -0.23 0.03 0.07 0.03
1241 179.641347 -0.20 0.04 0.07 0.04
1242 179.704649 -0.16 0.06 0.07 0.07
1243 179.671516 -0.18 0.05 0.07 0.05
1244 179.610369 -0.22 0.04 0.07 0.03
1245 179.647696 -0.20 0.05 0.07 0.05
1246 179.612683 -0.22 0.04 0.07 0.03
1247 179.645994 -0.20 0.05 0.07 0.05
1248 179.669218 -0.18 0.05 0.07 0.05
1249 179.654750 -0.19 0.05 0.07 0.05
1250 179.622243 -0.21 0.04 0.07 0.04
1251 179.590372 -0.23 0.03 0.07 0.03
1252 179.642542 -0.20 0.05 0.07 0.04
1253 179.683492 -0.18 0.05 0.07 0.06
1254 179.719662 -0.16 0.06 0.07 0.07
1255 179.763266 -0.13 0.07 0.07 0.09
1256 179.710451 -0.16 0.06 0.07 0.07
1257 179.727452 -0.15 0.06 0.07 0.07
1258 179.727001 -0.15 0.06 0.07 0.07
1259 179.729067 -0.15 0.06 0.07 0.07
1260 179.681271 -0.18 0.05 0.07 0.06
1261 179.652590 -0.19 0.05 0.07 0.05
1262 179.687323 -0.17 0.05 0.07 0.06
1263 179.703335 -0.16 0.06 0.07 0.07
1264 179.743842 -0.14 0.07 0.07 0.08
1265 179.727435 -0.15 0.06 0.07 0.07
1266 179.691580 -0.17 0.06 0.07 0.06
1267 179.672890 -0.18 0.05 0.07 0.06
1268 179.735875 -0.15 0.06 0.07 0.08
1269 179.711845 -0.16 0.06 0.07 0.07
1270 179.777661 -0.12 0.07 0.07 0.09
1271 179.774168 -0.13 0.07 0.07 0.09
1272 179.791322 -0.12 0.07 0.07 0.09
1273 179.776054 -0.12 0.07 0.07 0.09
1274 179.773324 -0.13 0.07 0.07 0.09
1275 179.809316 -0.11 0.08 0.07 0.10
1276 179.755015 -0.14 0.07 0.07 0.08
1277 179.804771 -0.11 0.08 0.07 0.10
1278 179.790036 -0.12 0.07 0.07 0.09
1279 179.803125 -0.11 0.08 0.07 0.10
1280 179.751324 -0.14 0.07 0.07 0.08
1281 179.759010 -0.13 0.07 0.07 0.08
1282 179.741970 -0.14 0.07 0.07 0.08
1283 179.782324 -0.12 0.07 0.07 0.09
1284 179.764108 -0.13 0.07 0.07 0.09
1285 179.786712 -0.12 0.07 0.07 0.09
1286 179.759687 -0.13 0.07 0.07 0.08
1287 179.759925 -0.13 0.07 0.07 0.08
1288 179.740038 -0.14 0.06 0.07 0.08
1289 179.659441 -0.19 0.05 0.07 0.05
1290 179.695412 -0.17 0.06 0.07 0.06
1291 179.705163 -0.16 0.06 0.07 0.07
1292 179.688105 -0.17 0.05 0.07 0.06
1293 179.644001 -0.20 0.05 0.07 0.05
1294 179.640673 -0.20 0.05 0.07 0.04
1295 179.640957 -0.20 0.05 0.07 0.04
1296 179.615164 -0.21 0.04 0.07 0.04
1297 179.612379 -0.22 0.04 0.07 0.03
1298 179.623240 -0.21 0.04 0.07 0.04
1299 179.683736 -0.18 0.05 0.07 0.06
1300 179.660724 -0.19 0.05 0.07 0.05
1301 179.593526 -0.23 0.04 0.07 0.03
1302 179.550066 -0.25 0.03 0.07 0.01
1303 179.543368 -0.25 0.02 0.07 0.01
1304 179.573777 -0.24 0.03 0.07 0.02
1305 179.544332 -0.25 0.02 0.07 0.01
1306 179.559283 -0.24 0.03 0.07 0.02
1307 179.624494 -0.21 0.04 0.07 0.04
1308 179.620877 -0.21 0.04 0.07 0.04
1309 179.629791 -0.21 0.04 0.07 0.04
1310 179.687335 -0.17 0.05 0.07 0.06
1311 179.664874 -0.19 0.05 0.07 0.05
1312 179.724201 -0.15 0.06 0.07 0.07
1313 179.708591 -0.16 0.06 0.07 0.07
1314 179.755604 -0.14 0.07 0.07 0.08
1315 179.787166 -0.12 0.08 0.07 0.09
1316 179.793694 -0.11 0.08 0.07 0.10
1317 179.819900 -0.10 0.08 0.08 0.10
1318 179.790826 -0.12 0.08 0.07 0.09
1319 179.837534 -0.09 0.09 0.08 0.11
1320 179.841433 -0.09 0.09 0.08 0.11
1321 179.880843 -0.07 0.09 0.08 0.13
1322 179.891797 -0.06 0.09 0.08 0.13
1323 179.820462 -0.10 0.08 0.08 0.10
1324 179.850493 -0.08 0.09 0.08 0.11
1325 179.839700 -0.09 0.08 0.08 0.11
1326 179.829113 -0.09 0.08 0.08 0.11
1327 179.771303 -0.13 0.07 0.07 0.09
1328 179.719657 -0.16 0.06 0.07 0.07
1329 179.678284 -0.18 0.06 0.07 0.06
1330 179.700844 -0.17 0.06 0.07 0.06
1331 179.724921 -0.15 0.06 0.07 0.07
1332 179.738492 -0.15 0.07 0.07 0.08
1333 179.743397 -0.14 0.07 0.07 0.08
1334 179.725076 -0.15 0.06 0.07 0.07
1335 179.708420 -0.16 0.06 0.07 0.07
1336 179.679803 -0.18 0.06 0.07 0.06
1337 179.672508 -0.18 0.06 0.07 0.06
1338 179.692199 -0.17 0.06 0.07 0.06
1339 179.711936 -0.16 0.06 0.07 0.07
1340 179.726581 -0.15 0.06 0.07 0.07
1341 179.774320 -0.13 0.07 0.07 0.09
1342 179.787218 -0.12 0.08 0.07 0.09
1343 179.833264 -0.09 0.08 0.08 0.11
1344 179.865826 -0.07 0.09 0.08 0.12
1345 179.928286 -0.04 0.10 0.08 0.14
1346 179.944988 -0.03 0.10 0.08 0.15
1347 179.937831 -0.03 0.10 0.08 0.14
1348 179.915615 -0.05 0.10 0.08 0.14
1349 179.996726 -0.00 0.11 0.08 0.16
1350 179.989381 -0.01 0.11 0.08 0.16
1351 179.992118 -0.00 0.11 0.08 0.16
1352 179.954093 -0.03 0.10 0.08 0.15
1353 179.964325 -0.02 0.10 0.08 0.15
1354 179.985260 -0.01 0.10 0.08 0.16
1355 179.996048 -0.00 0.11 0.08 0.16
1356 179.989391 -0.01 0.11 0.08 0.16
1357 179.984584 -0.01 0.10 0.08 0.16
1358 180.002196 0.00 0.11 0.08 0.17
1359 180.040974 0.02 0.11 0.08 0.18
1360 180.036020 0.02 0.11 0.08 0.18
1361 180.067901 0.04 0.11 0.08 0.19
1362 179.984046 -0.01 0.10 0.08 0.16
1363 179.972098 -0.02 0.10 0.08 0.16
1364 180.000572 0.00 0.11 0.08 0.16
1365 179.977628 -0.01 0.10 0.08 0.16
1366 179.963400 -0.02 0.10 0.08 0.15
1367 180.003632 0.00 0.11 0.08 0.17
1368 179.969479 -0.02 0.10 0.08 0.15
1369 179.955918 -0.02 0.10 0.08 0.15
1370 179.972658 -0.02 0.10 0.08 0.16
1371 179.946629 -0.03 0.10 0.08 0.15
1372 179.905613 -0.05 0.09 0.08 0.13
1373 179.889961 -0.06 0.09 0.08 0.13
1374 179.900704 -0.06 0.09 0.08 0.13
1375 179.883695 -0.06 0.09 0.08 0.13
1376 179.834630 -0.09 0.09 0.08 0.11
1377 179.856144 -0.08 0.09 0.08 0.12
1378 179.847376 -0.08 0.09 0.08 0.11
1379 179.869917 -0.07 0.09 0.08 0.12
1380 179.868311 -0.07 0.09 0.08 0.12
1381 179.856173 -0.08 0.09 0.08 0.12
1382 179.896057 -0.06 0.09 0.08 0.13
1383 179.923244 -0.04 0.10 0.08 0.14
1384 179.903207 -0.05 0.09 0.08 0.13
1385 179.944066 -0.03 0.10 0.08 0.15
1386 180.001208 0.00 0.11 0.08 0.16
1387 180.016761 0.01 0.11 0.08 0.17
1388 179.995437 -0.00 0.11 0.08 0.16
1389 180.009640 0.01 0.11 0.08 0.17
1390 180.017701 0.01 0.11 0.08 0.17
1391 179.970833 -0.02 0.10 0.08 0.15
1392 179.996453 -0.00 0.11 0.08 0.16
1393 180.011076 0.01 0.11 0.08 0.17
1394 180.055724 0.03 0.11 0.08 0.18
1395 180.097418 0.05 0.12 0.08 0.20
1396 180.069021 0.04 0.11 0.08 0.19
1397 180.052207 0.03 0.11 0.08 0.18
1398 180.089217 0.05 0.12 0.08 0.19
1399 180.122884 0.07 0.12 0.08 0.21
1400 180.143002 0.08 0.12 0.08 0.21
1401 180.163989 0.09 0.13 0.08 0.22
1402 180.159447 0.09 0.13 0.08 0.22
1403 180.142966 0.08 0.12 0.08 0.21
1404 180.132205 0.07 0.12 0.08 0.21
1405 180.142376 0.08 0.12 0.08 0.21
1406 180.181735 0.10 0.13 0.08 0.22
1407 180.181375 0.10 0.13 0.08 0.22
1408 180.141054 0.08 0.12 0.08 0.21
1409 180.126337 0.07 0.12 0.08 0.21
1410 180.167772 0.09 0.13 0.08 0.22
1411 180.263311 0.15 0.14 0.08 0.25
1412 180.301382 0.17 0.14 0.08 0.26
1413 180.352279 0.20 0.15 0.08 0.28
1414 180.384599 0.21 0.15 0.08 0.29
1415 180.401890 0.22 0.16 0.08 0.30
1416 180.393333 0.22 0.15 0.08 0.29
1417 180.473538 0.26 0.16 0.08 0.32
1418 180.468968 0.26 0.16 0.08 0.32
1419 180.505735 0.28 0.17 0.08 0.33
1420 180.496704 0.28 0.17 0.08 0.33
1421 180.488455 0.27 0.17 0.08 0.33
1422 180.542421 0.30 0.17 0.08 0.34
1423 180.510218 0.28 0.17 0.08 0.33
1424 180.555813 0.31 0.17 0.08 0.35
1425 180.587254 0.33 0.18 0.08 0.36
1426 180.617633 0.34 0.18 0.08 0.37
1427 180.655258 0.36 0.19 0.08 0.38
1428 180.723545 0.40 0.20 0.08 0.40
1429 180.728328 0.40 0.20 0.08 0.41
1430 180.750524 0.42 0.20 0.08 0.41
1431 180.764770 0.42 0.20 0.08 0.42
1432 180.822122 0.46 0.21 0.08 0.44
1433 180.796768 0.44 0.20 0.08 0.43
1434 180.772760 0.43 0.20 0.08 0.42
1435 180.761532 0.42 0.20 0.08 0.42
1436 180.768909 0.43 0.20 0.08 0.42
1437 180.782077 0.43 0.20 0.08 0.42
1438 180.772457 0.43 0.20 0.08 0.42
1439 180.787329 0.44 0.20 0.08 0.43
1440 180.799464 0.44 0.20 0.08 0.43
1441 180.783257 0.44 0.20 0.08 0.42
1442 180.863704 0.48 0.21 0.08 0.45
1443 180.881073 0.49 0.21 0.08 0.46
1444 180.846615 0.47 0.21 0.08 0.44
1445 180.778509 0.43 0.20 0.08 0.42
1446 180.746514 0.41 0.20 0.08 0.41
1447 180.683546 0.38 0.19 0.08 0.39
1448 180.686247 0.38 0.19 0.08 0.39
1449 180.708506 0.39 0.19 0.08 0.40
1450 180.735871 0.41 0.20 0.08 0.41
1451 180.699878 0.39 0.19 0.08 0.40
1452 180.713763 0.40 0.19 0.08 0.40
1453 180.712494 0.40 0.19 0.08 0.40
1454 180.676253 0.38 0.19 0.08 0.39
1455 180.675753 0.38 0.19 0.08 0.39
1456 180.688255 0.38 0.19 0.08 0.39
1457 180.676432 0.38 0.19 0.08 0.39
1458 180.656899 0.36 0.19 0.08 0.38
1459 180.705998 0.39 0.19 0.08 0.40
1460 180.674523 0.37 0.19 0.08 0.39
1461 180.664893 0.37 0.19 0.08 0.38
1462 180.666826 0.37 0.19 0.08 0.39
1463 180.624716 0.35 0.18 0.08 0.37
1464 180.640801 0.36 0.19 0.08 0.38
1465 180.668358 0.37 0.19 0.08 0.39
1466 180.678521 0.38 0.19 0.08 0.39
1467 180.611041 0.34 0.18 0.08 0.37
1468 180.677199 0.38 0.19 0.08 0.39
1469 180.644992 0.36 0.19 0.08 0.38
1470 180.664678 0.37 0.19 0.08 0.38
1471 180.667934 0.37 0.19 0.08 0.39
1472 180.710439 0.39 0.19 0.08 0.40
1473 180.760989 0.42 0.20 0.08 0.42
1474 180.766339 0.43 0.20 0.08 0.42
1475 180.756102 0.42 0.20 0.08 0.41
1476 180.797638 0.44 0.20 0.08 0.43
1477 180.780935 0.43 0.20 0.08 0.42
1478 180.745818 0.41 0.20 0.08 0.41
1479 180.682470 0.38 0.19 0.08 0.39
1480 180.659451 0.37 0.19 0.08 0.38
1481 180.626278 0.35 0.18 0.08 0.37
1482 180.618633 0.34 0.18 0.08 0.37
1483 180.624987 0.35 0.18 0.08 0.37
1484 180.627455 0.35 0.18 0.08 0.37
1485 180.593824 0.33 0.18 0.08 0.36
1486 180.619005 0.34 0.18 0.08 0.37
1487 180.610570 0.34 0.18 0.08 0.37
1488 180.568511 0.32 0.18 0.08 0.35
1489 180.569198 0.32 0.18 0.08 0.35
1490 180.600610 0.33 0.18 0.08 0.36
1491 180.554586 0.31 0.17 0.08 0.35
1492 180.614542 0.34 0.18 0.08 0.37
1493 180.642888 0.36 0.19 0.08 0.38
1494 180.653745 0.36 0.19 0.08 0.38
1495 180.668725 0.37 0.19 0.08 0.39
1496 180.604870 0.34 0.18 0.08 0.36
1497 180.599194 0.33 0.18 0.08 0.36
1498 180.621036 0.35 0.18 0.08 0.37
1499 180.658274 0.37 0.19 0.08 0.38
1500 180.675117 0.38 0.19 0.08 0.39
1501 180.701287 0.39 0.19 0.08 0.40
1502 180.697099 0.39 0.19 0.08 0.40
1503 180.680261 0.38 0.19 0.08 0.39
1504 180.676104 0.38 0.19 0.08 0.39
1505 180.644586 0.36 0.19 0.08 0.38
1506 180.708228 0.39 0.19 0.08 0.40
1507 180.722134 0.40 0.20 0.08 0.40
1508 180.758529 0.42 0.20 0.08 0.42
1509 180.774502 0.43 0.20 0.08 0.42
1510 180.733417 0.41 0.20 0.08 0.41
1511 180.794512 0.44 0.20 0.08 0.43
1512 180.754966 0.42 0.20 0.08 0.41
1513 180.761329 0.42 0.20 0.08 0.42
1514 180.785116 0.44 0.20 0.08 0.42
1515 180.781094 0.43 0.20 0.08 0.42
1516 180.767298 0.43 0.20 0.08 0.42
1517 180.726477 0.40 0.20 0.08 0.40
1518 180.751659 0.42 0.20 0.08 0.41
1519 180.792433 0.44 0.20 0.08 0.43
1520 180.754680 0.42 0.20 0.08 0.41
1521 180.751336 0.42 0.20 0.08 0.41
1522 180.659141 0.37 0.19 0.08 0.38
1523 180.677984 0.38 0.19 0.08 0.39
1524 180.733556 0.41 0.20 0.08 0.41
1525 180.718260 0.40 0.19 0.08 0.40
1526 180.727157 0.40 0.20 0.08 0.41
1527 180.701193 0.39 0.19 0.08 0.40
1528 180.725019 0.40 0.20 0.08 0.40
1529 180.767071 0.43 0.20 0.08 0.42
1530 180.797475 0.44 0.20 0.08 0.43
1531 180.816918 0.45 0.21 0.08 0.43
1532 180.854097 0.47 0.21 0.08 0.45
1533 180.811267 0.45 0.21 0.08 0.43
1534 180.798819 0.44 0.20 0.08 0.43
1535 180.794351 0.44 0.20 0.08 0.43
1536 180.716412 0.40 0.19 0.08 0.40
1537 180.748281 0.42 0.20 0.08 0.41
1538 180.730070 0.41 0.20 0.08 0.41
1539 180.711394 0.40 0.19 0.08 0.40
1540 180.682506 0.38 0.19 0.08 0.39
1541 180.618652 0.34 0.18 0.08 0.37
1542 180.554175 0.31 0.17 0.08 0.35
1543 180.561242 0.31 0.18 0.08 0.35
1544 180.581534 0.32 0.18 0.08 0.36
1545 180.604107 0.34 0.18 0.08 0.36
1546 180.630135 0.35 0.18 0.08 0.37
1547 180.711844 0.40 0.19 0.08 0.40
1548 180.759601 0.42 0.20 0.08 0.42
1549 180.774076 0.43 0.20 0.08 0.42
1550 180.746287 0.41 0.20 0.08 0.41
1551 180.737192 0.41 0.20 0.08 0.41
1552 180.815850 0.45 0.21 0.08 0.43
1553 180.812886 0.45 0.21 0.08 0.43
1554 180.795170 0.44 0.20 0.08 0.43
1555 180.808272 0.45 0.21 0.08 0.43
1556 180.817169 0.45 0.21 0.08 0.43
1557 180.822439 0.46 0.21 0.08 0.44
1558 180.821771 0.46 0.21 0.08 0.44
1559 180.774522 0.43 0.20 0.08 0.42
1560 180.794936 0.44 0.20 0.08 0.43
1561 180.749151 0.42 0.20 0.08 0.41
1562 180.736245 0.41 0.20 0.08 0.41
1563 180.746314 0.41 0.20 0.08 0.41
1564 180.667053 0.37 0.19 0.08 0.39
1565 180.644349 0.36 0.19 0.08 0.38
1566 180.654105 0.36 0.19 0.08 0.38
1567 180.697890 0.39 0.19 0.08 0.40
1568 180.665883 0.37 0.19 0.08 0.38
1569 180.648226 0.36 0.19 0.08 0.38
1570 180.703759 0.39 0.19 0.08 0.40
1571 180.732414 0.41 0.20 0.08 0.41
1572 180.764806 0.42 0.20 0.08 0.42
1573 180.745859 0.41 0.20 0.08 0.41
1574 180.734822 0.41 0.20 0.08 0.41
1575 180.746884 0.41 0.20 0.08 0.41
1576 180.702032 0.39 0.19 0.08 0.40
1577 180.681061 0.38 0.19 0.08 0.39
1578 180.705106 0.39 0.19 0.08 0.40
1579 180.747375 0.42 0.20 0.08 0.41
1580 180.721121 0.40 0.19 0.08 0.40
1581 180.710766 0.39 0.19 0.08 0.40
1582 180.758227 0.42 0.20 0.08 0.42
1583 180.764826 0.42 0.20 0.08 0.42
1584 180.725692 0.40 0.20 0.08 0.40
1585 180.725258 0.40 0.20 0.08 0.40
1586 180.696294 0.39 0.19 0.08 0.39
1587 180.732145 0.41 0.20 0.08 0.41
1588 180.743184 0.41 0.20 0.08 0.41
1589 180.723346 0.40 0.20 0.08 0.40
1590 180.693464 0.39 0.19 0.08 0.39
1591 180.689890 0.38 0.19 0.08 0.39
1592 180.672879 0.37 0.19 0.08 0.39
1593 180.649444 0.36 0.19 0.08 0.38
1594 180.600118 0.33 0.18 0.08 0.36
1595 180.626000 0.35 0.18 0.08 0.37
1596 180.634288 0.35 0.18 0.08 0.37
1597 180.661345 0.37 0.19 0.08 0.38
1598 180.691084 0.38 0.19 0.08 0.39
1599 180.650273 0.36 0.19 0.08 0.38
1600 180.660227 0.37 0.19 0.08 0.38
1601 180.658306 0.37 0.19 0.08 0.38
1602 180.634539 0.35 0.18 0.08 0.37
1603 180.666687 0.37 0.19 0.08 0.39
1604 180.638992 0.35 0.18 0.08 0.38
1605 180.661016 0.37 0.19 0.08 0.38
1606 180.671665 0.37 0.19 0.08 0.39
1607 180.621290 0.35 0.18 0.08 0.37
1608 180.629241 0.35 0.18 0.08 0.37
1609 180.674840 0.37 0.19 0.08 0.39
1610 180.660130 0.37 0.19 0.08 0.38
1611 180.662978 0.37 0.19 0.08 0.38
1612 180.620059 0.34 0.18 0.08 0.37
1613 180.623045 0.35 0.18 0.08 0.37
1614 180.655688 0.36 0.19 0.08 0.38
1615 180.652637 0.36 0.19 0.08 0.38
1616 180.665652 0.37 0.19 0.08 0.38
1617 180.675319 0.38 0.19 0.08 0.39
1618 180.604133 0.34 0.18 0.08 0.36
1619 180.572142 0.32 0.18 0.08 0.35
1620 180.589823 0.33 0.18 0.08 0.36
1621 180.598325 0.33 0.18 0.08 0.36
1622 180.606510 0.34 0.18 0.08 0.37
1623 180.617664 0.34 0.18 0.08 0.37
1624 180.593583 0.33 0.18 0.08 0.36
1625 180.623681 0.35 0.18 0.08 0.37
1626 180.694661 0.39 0.19 0.08 0.39
1627 180.704534 0.39 0.19 0.08 0.40
1628 180.679338 0.38 0.19 0.08 0.39
1629 180.718695 0.40 0.19 0.08 0.40
1630 180.771708 0.43 0.20 0.08 0.42
1631 180.820591 0.46 0.21 0.08 0.44
1632 180.860748 0.48 0.21 0.08 0.45
1633 180.839055 0.47 0.21 0.08 0.44
1634 180.893167 0.50 0.22 0.08 0.46
1635 180.865225 0.48 0.21 0.08 0.45
1636 180.867414 0.48 0.21 0.08 0.45
1637 180.906440 0.50 0.22 0.08 0.46
1638 180.986573 0.55 0.23 0.08 0.49
1639 180.992511 0.55 0.23 0.08 0.49
1640 181.055477 0.59 0.24 0.08 0.51
1641 181.068113 0.59 0.24 0.08 0.52
1642 181.084611 0.60 0.24 0.08 0.52
1643 181.137628 0.63 0.25 0.08 0.54
1644 181.050408 0.58 0.24 0.08 0.51
1645 180.997988 0.55 0.23 0.08 0.49
1646 180.959398 0.53 0.22 0.08 0.48
1647 181.013869 0.56 0.23 0.08 0.50
1648 180.993438 0.55 0.23 0.08 0.49
1649 181.018673 0.57 0.23 0.08 0.50
1650 181.017865 0.57 0.23 0.08 0.50
1651 180.980849 0.54 0.23 0.08 0.49
1652 180.994445 0.55 0.23 0.08 0.49
1653 181.025130 0.57 0.23 0.08 0.50
1654 181.031558 0.57 0.23 0.08 0.51
1655 181.043594 0.58 0.23 0.08 0.51
1656 181.073691 0.60 0.24 0.08 0.52
1657 181.104959 0.61 0.24 0.08 0.53
1658 181.052597 0.58 0.24 0.08 0.51
1659 181.040202 0.58 0.23 0.08 0.51
1660 181.063298 0.59 0.24 0.08 0.52
1661 181.057383 0.59 0.24 0.08 0.51
1662 181.070604 0.59 0.24 0.08 0.52
1663 181.097848 0.61 0.24 0.08 0.53
1664 181.098021 0.61 0.24 0.08 0.53
1665 181.127122 0.63 0.24 0.08 0.54
1666 181.132191 0.63 0.25 0.08 0.54
1667 181.078989 0.60 0.24 0.08 0.52
1668 181.136026 0.63 0.25 0.08 0.54
1669 181.170621 0.65 0.25 0.08 0.55
1670 181.204701 0.67 0.25 0.08 0.56
1671 181.148564 0.64 0.25 0.08 0.54
1672 181.112276 0.62 0.24 0.08 0.53
1673 181.127650 0.63 0.24 0.08 0.54
1674 181.160373 0.64 0.25 0.08 0.55
1675 181.152155 0.64 0.25 0.08 0.55
1676 181.196693 0.66 0.25 0.08 0.56
1677 181.230572 0.68 0.26 0.08 0.57
1678 181.161955 0.65 0.25 0.08 0.55
1679 181.153769 0.64 0.25 0.08 0.55
1680 181.140691 0.63 0.25 0.08 0.54
1681 181.162485 0.65 0.25 0.08 0.55
1682 181.213584 0.67 0.26 0.08 0.57
1683 181.259713 0.70 0.26 0.08 0.58
1684 181.321879 0.73 0.27 0.08 0.60
1685 181.339739 0.74 0.27 0.08 0.61
1686 181.267871 0.70 0.26 0.08 0.58
1687 181.200257 0.67 0.25 0.08 0.56
1688 181.178792 0.65 0.25 0.08 0.55
1689 181.148654 0.64 0.25 0.08 0.54
1690 181.172415 0.65 0.25 0.08 0.55
1691 181.116258 0.62 0.24 0.08 0.53
1692 181.034236 0.57 0.23 0.08 0.51
1693 180.999807 0.56 0.23 0.08 0.50
1694 180.984070 0.55 0.23 0.08 0.49
1695 180.946338 0.53 0.22 0.08 0.48
1696 180.936160 0.52 0.22 0.08 0.47
1697 181.027255 0.57 0.23 0.08 0.50
1698 180.997024 0.55 0.23 0.08 0.49
1699 181.041530 0.58 0.23 0.08 0.51
1700 181.065097 0.59 0.24 0.08 0.52
1701 181.073941 0.60 0.24 0.08 0.52
1702 181.014366 0.56 0.23 0.08 0.50
1703 180.998430 0.55 0.23 0.08 0.49
1704 180.981998 0.55 0.23 0.08 0.49
1705 180.998236 0.55 0.23 0.08 0.49
1706 181.018131 0.57 0.23 0.08 0.50
1707 180.987562 0.55 0.23 0.08 0.49
1708 180.995803 0.55 0.23 0.08 0.49
1709 180.965909 0.54 0.23 0.08 0.48
1710 180.919837 0.51 0.22 0.08 0.47
1711 180.950815 0.53 0.22 0.08 0.48
1712 180.928365 0.52 0.22 0.08 0.47
1713 180.912224 0.51 0.22 0.08 0.47
1714 180.882071 0.49 0.21 0.08 0.46
1715 180.904316 0.50 0.22 0.08 0.46
1716 180.989018 0.55 0.23 0.08 0.49
1717 181.005799 0.56 0.23 0.08 0.50
1718 181.100290 0.61 0.24 0.08 0.53
1719 181.116592 0.62 0.24 0.08 0.53
1720 181.148252 0.64 0.25 0.08 0.54
1721 181.177007 0.65 0.25 0.08 0.55
1722 181.185645 0.66 0.25 0.08 0.56
1723 181.211103 0.67 0.26 0.08 0.57
1724 181.224060 0.68 0.26 0.08 0.57
1725 181.242349 0.69 0.26 0.08 0.58
1726 181.255681 0.70 0.26 0.08 0.58
1727 181.217806 0.68 0.26 0.08 0.57
1728 181.236143 0.69 0.26 0.08 0.57
1729 181.167672 0.65 0.25 0.08 0.55
1730 181.126724 0.63 0.24 0.08 0.54
1731 181.080748 0.60 0.24 0.08 0.52
1732 181.093074 0.61 0.24 0.08 0.53
1733 181.026561 0.57 0.23 0.08 0.50
1734 181.074778 0.60 0.24 0.08 0.52
1735 181.043844 0.58 0.23 0.08 0.51
1736 181.039032 0.58 0.23 0.08 0.51
1737 181.057667 0.59 0.24 0.08 0.51
1738 181.005340 0.56 0.23 0.08 0.50
1739 181.025792 0.57 0.23 0.08 0.50
1740 181.085639 0.60 0.24 0.08 0.52
1741 181.045605 0.58 0.23 0.08 0.51
1742 181.024274 0.57 0.23 0.08 0.50
1743 181.036527 0.58 0.23 0.08 0.51
1744 181.045891 0.58 0.23 0.08 0.51
1745 181.084877 0.60 0.24 0.08 0.52
1746 181.114872 0.62 0.24 0.08 0.53
1747 181.043262 0.58 0.23 0.08 0.51
1748 181.099471 0.61 0.24 0.08 0.53
1749 181.106674 0.61 0.24 0.08 0.53
1750 181.055485 0.59 0.24 0.08 0.51
1751 181.081069 0.60 0.24 0.08 0.52
1752 181.093417 0.61 0.24 0.08 0.53
1753 181.148538 0.64 0.25 0.08 0.54
1754 181.093088 0.61 0.24 0.08 0.53
1755 181.080589 0.60 0.24 0.08 0.52
1756 181.088242 0.60 0.24 0.08 0.52
1757 181.143211 0.64 0.25 0.08 0.54
1758 181.168575 0.65 0.25 0.08 0.55
1759 181.228849 0.68 0.26 0.08 0.57
1760 181.268710 0.70 0.26 0.08 0.58
1761 181.314134 0.73 0.27 0.08 0.60
1762 181.344994 0.75 0.27 0.08 0.61
1763 181.368541 0.76 0.27 0.08 0.62
1764 181.342775 0.75 0.27 0.08 0.61
1765 181.367032 0.76 0.27 0.08 0.62
1766 181.369827 0.76 0.27 0.08 0.62
1767 181.386129 0.77 0.28 0.08 0.62
1768 181.449155 0.81 0.28 0.08 0.64
1769 181.507161 0.84 0.29 0.08 0.66
1770 181.537915 0.85 0.30 0.08 0.67
1771 181.497223 0.83 0.29 0.08 0.66
1772 181.528388 0.85 0.29 0.08 0.67
1773 181.615846 0.90 0.30 0.08 0.70
1774 181.565397 0.87 0.30 0.08 0.68
1775 181.578117 0.88 0.30 0.08 0.69
1776 181.575955 0.88 0.30 0.08 0.69
1777 181.540968 0.86 0.30 0.08 0.67
1778 181.578563 0.88 0.30 0.08 0.69
1779 181.599388 0.89 0.30 0.08 0.69
1780 181.562363 0.87 0.30 0.08 0.68
1781 181.593360 0.89 0.30 0.08 0.69
1782 181.570997 0.87 0.30 0.08 0.68
1783 181.601588 0.89 0.30 0.08 0.69
1784 181.626450 0.90 0.31 0.08 0.70
1785 181.654185 0.92 0.31 0.08 0.71
1786 181.668987 0.93 0.31 0.08 0.72
1787 181.696536 0.94 0.31 0.08 0.73
1788 181.716267 0.95 0.32 0.08 0.73
1789 181.645791 0.91 0.31 0.08 0.71
1790 181.691882 0.94 0.31 0.08 0.72
1791 181.689947 0.94 0.31 0.08 0.72
1792 181.754875 0.97 0.32 0.08 0.75
1793 181.810857 1.01 0.33 0.08 0.76
1794 181.802059 1.00 0.33 0.08 0.76
1795 181.748345 0.97 0.32 0.08 0.74
1796 181.732408 0.96 0.32 0.08 0.74
1797 181.733817 0.96 0.32 0.08 0.74
1798 181.727347 0.96 0.32 0.08 0.74
1799 181.791713 1.00 0.33 0.08 0.76
1800 181.773101 0.99 0.32 0.08 0.75
1801 181.830304 1.02 0.33 0.08 0.77
1802 181.824236 1.01 0.33 0.08 0.77
1803 181.812414 1.01 0.33 0.08 0.76
1804 181.857584 1.03 0.33 0.08 0.78
1805 181.829967 1.02 0.33 0.08 0.77
1806 181.895952 1.05 0.34 0.08 0.79
1807 181.872217 1.04 0.34 0.08 0.78
1808 181.872364 1.04 0.34 0.08 0.78
1809 181.880111 1.04 0.34 0.08 0.79
1810 181.874220 1.04 0.34 0.08 0.78
1811 181.877369 1.04 0.34 0.08 0.79
1812 181.921947 1.07 0.34 0.08 0.80
1813 181.925953 1.07 0.34 0.08 0.80
1814 181.955858 1.09 0.35 0.08 0.81
1815 181.903802 1.06 0.34 0.08 0.79
1816 181.863961 1.04 0.34 0.08 0.78
1817 181.280050 0.71 0.26 0.08 0.59
1818 181.290385 0.72 0.26 0.08 0.59
1819 181.286795 0.71 0.26 0.08 0.59
1820 181.306023 0.73 0.27 0.08 0.60
1821 181.259102 0.70 0.26 0.08 0.58
1822 181.249757 0.69 0.26 0.08 0.58
1823 181.234947 0.69 0.26 0.08 0.57
1824 181.323400 0.74 0.27 0.08 0.60
1825 181.332263 0.74 0.27 0.08 0.61
1826 181.336704 0.74 0.27 0.08 0.61
1827 181.344730 0.75 0.27 0.08 0.61
1828 181.405189 0.78 0.28 0.08 0.63
1829 181.408235 0.78 0.28 0.08 0.63
1830 181.359436 0.76 0.27 0.08 0.61
1831 181.339333 0.74 0.27 0.08 0.61
1832 181.362113 0.76 0.27 0.08 0.62
1833 181.351749 0.75 0.27 0.08 0.61
1834 181.348408 0.75 0.27 0.08 0.61
1835 181.218673 0.68 0.26 0.08 0.57
1836 181.226753 0.68 0.26 0.08 0.57
1837 181.205496 0.67 0.25 0.08 0.56
1838 181.226227 0.68 0.26 0.08 0.57
1839 181.239769 0.69 0.26 0.08 0.57
1840 181.235761 0.69 0.26 0.08 0.57
1841 181.181366 0.66 0.25 0.08 0.56
1842 181.191745 0.66 0.25 0.08 0.56
1843 181.228126 0.68 0.26 0.08 0.57
1844 181.231103 0.68 0.26 0.08 0.57
1845 181.287420 0.72 0.26 0.08 0.59
1846 181.307366 0.73 0.27 0.08 0.60
1847 181.264884 0.70 0.26 0.08 0.58
1848 181.257038 0.70 0.26 0.08 0.58
1849 181.228078 0.68 0.26 0.08 0.57
1850 181.252182 0.70 0.26 0.08 0.58
1851 181.196587 0.66 0.25 0.08 0.56
1852 181.212497 0.67 0.26 0.08 0.57
1853 181.210676 0.67 0.26 0.08 0.57
1854 181.142317 0.63 0.25 0.08 0.54
1855 181.220699 0.68 0.26 0.08 0.57
1856 181.245898 0.69 0.26 0.08 0.58
1857 181.257626 0.70 0.26 0.08 0.58
1858 181.264649 0.70 0.26 0.08 0.58
1859 181.286906 0.71 0.26 0.08 0.59
1860 181.346469 0.75 0.27 0.08 0.61
1861 181.334802 0.74 0.27 0.08 0.61
1862 181.400062 0.78 0.28 0.08 0.63
1863 181.407143 0.78 0.28 0.08 0.63
1864 181.402532 0.78 0.28 0.08 0.63
1865 181.397558 0.78 0.28 0.08 0.63
1866 181.442752 0.80 0.28 0.08 0.64
1867 181.436474 0.80 0.28 0.08 0.64
1868 181.504321 0.84 0.29 0.08 0.66
1869 181.520145 0.84 0.29 0.08 0.67
1870 181.486170 0.83 0.29 0.08 0.66
1871 181.522173 0.85 0.29 0.08 0.67
1872 181.513282 0.84 0.29 0.08 0.67
1873 181.519181 0.84 0.29 0.08 0.67
1874 181.499195 0.83 0.29 0.08 0.66
1875 181.520377 0.84 0.29 0.08 0.67
1876 181.434183 0.80 0.28 0.08 0.64
1877 181.415435 0.79 0.28 0.08 0.63
1878 181.484178 0.82 0.29 0.08 0.66
1879 181.456231 0.81 0.29 0.08 0.65
1880 181.460189 0.81 0.29 0.08 0.65
1881 181.521814 0.85 0.29 0.08 0.67
1882 181.533200 0.85 0.29 0.08 0.67
1883 181.515113 0.84 0.29 0.08 0.67
1884 181.526328 0.85 0.29 0.08 0.67
1885 181.523075 0.85 0.29 0.08 0.67
1886 181.542859 0.86 0.30 0.08 0.68
1887 181.456296 0.81 0.29 0.08 0.65
1888 181.418868 0.79 0.28 0.08 0.63
1889 181.436701 0.80 0.28 0.08 0.64
1890 181.428969 0.79 0.28 0.08 0.64
1891 181.400278 0.78 0.28 0.08 0.63
1892 181.367759 0.76 0.27 0.08 0.62
1893 181.354796 0.75 0.27 0.08 0.61
1894 181.398856 0.78 0.28 0.08 0.63
1895 181.459221 0.81 0.29 0.08 0.65
1896 181.447551 0.80 0.28 0.08 0.64
1897 181.462839 0.81 0.29 0.08 0.65
1898 181.481610 0.82 0.29 0.08 0.65
1899 181.398377 0.78 0.28 0.08 0.63
1900 181.430816 0.79 0.28 0.08 0.64
1901 181.431401 0.80 0.28 0.08 0.64
1902 181.462447 0.81 0.29 0.08 0.65
1903 181.476278 0.82 0.29 0.08 0.65
1904 181.496257 0.83 0.29 0.08 0.66
1905 181.510242 0.84 0.29 0.08 0.66
1906 181.545916 0.86 0.30 0.08 0.68
1907 181.543965 0.86 0.30 0.08 0.68
1908 181.572398 0.87 0.30 0.08 0.68
1909 181.563848 0.87 0.30 0.08 0.68
1910 181.607342 0.89 0.30 0.08 0.70
1911 181.606602 0.89 0.30 0.08 0.70
1912 181.654645 0.92 0.31 0.08 0.71
1913 181.678610 0.93 0.31 0.08 0.72
1914 181.750567 0.97 0.32 0.08 0.74
1915 181.742774 0.97 0.32 0.08 0.74
1916 181.736399 0.96 0.32 0.08 0.74
1917 181.694885 0.94 0.31 0.08 0.73
1918 181.626830 0.90 0.31 0.08 0.70
1919 181.648609 0.92 0.31 0.08 0.71
1920 181.609572 0.89 0.30 0.08 0.70
1921 181.554340 0.86 0.30 0.08 0.68
1922 181.560201 0.87 0.30 0.08 0.68
1923 181.526957 0.85 0.29 0.08 0.67
1924 181.619922 0.90 0.31 0.08 0.70
1925 181.552793 0.86 0.30 0.08 0.68
1926 181.540042 0.86 0.30 0.08 0.67
1927 181.529520 0.85 0.29 0.08 0.67
1928 181.533464 0.85 0.29 0.08 0.67
1929 181.513873 0.84 0.29 0.08 0.67
1930 181.482241 0.82 0.29 0.08 0.66
1931 181.511738 0.84 0.29 0.08 0.66
1932 181.545546 0.86 0.30 0.08 0.68
1933 181.534841 0.85 0.29 0.08 0.67
1934 181.545205 0.86 0.30 0.08 0.68
1935 181.542295 0.86 0.30 0.08 0.67
1936 181.527524 0.85 0.29 0.08 0.67
1937 181.514234 0.84 0.29 0.08 0.67
1938 181.476722 0.82 0.29 0.08 0.65
1939 181.501641 0.83 0.29 0.08 0.66
1940 181.550821 0.86 0.30 0.08 0.68
1941 181.497868 0.83 0.29 0.08 0.66
1942 181.530181 0.85 0.29 0.08 0.67
1943 181.505604 0.84 0.29 0.08 0.66
1944 181.525183 0.85 0.29 0.08 0.67
1945 181.549202 0.86 0.30 0.08 0.68
1946 181.545861 0.86 0.30 0.08 0.68
1947 181.533471 0.85 0.29 0.08 0.67
1948 181.555311 0.86 0.30 0.08 0.68
1949 181.465334 0.81 0.29 0.08 0.65
1950 181.455063 0.81 0.29 0.08 0.65
1951 181.464187 0.81 0.29 0.08 0.65
1952 181.491099 0.83 0.29 0.08 0.66
1953 181.397753 0.78 0.28 0.08 0.63
1954 181.479732 0.82 0.29 0.08 0.65
1955 181.478830 0.82 0.29 0.08 0.65
1956 181.448792 0.80 0.28 0.08 0.64
1957 181.424326 0.79 0.28 0.08 0.64
1958 181.404061 0.78 0.28 0.08 0.63
1959 181.397731 0.78 0.28 0.08 0.63
1960 181.411569 0.78 0.28 0.08 0.63
1961 181.421179 0.79 0.28 0.08 0.63
1962 181.396131 0.78 0.28 0.08 0.63
1963 181.399829 0.78 0.28 0.08 0.63
1964 181.380487 0.77 0.28 0.08 0.62
1965 181.360983 0.76 0.27 0.08 0.61
1966 181.338227 0.74 0.27 0.08 0.61
1967 181.390575 0.77 0.28 0.08 0.62
1968 181.386741 0.77 0.28 0.08 0.62
1969 181.414884 0.79 0.28 0.08 0.63
1970 181.405109 0.78 0.28 0.08 0.63
1971 181.407995 0.78 0.28 0.08 0.63
1972 181.426027 0.79 0.28 0.08 0.64
1973 181.450840 0.81 0.28 0.08 0.64
1974 181.474643 0.82 0.29 0.08 0.65
1975 181.480210 0.82 0.29 0.08 0.65
1976 181.509154 0.84 0.29 0.08 0.66
1977 181.479818 0.82 0.29 0.08 0.65
1978 181.513507 0.84 0.29 0.08 0.67
1979 181.508865 0.84 0.29 0.08 0.66
1980 181.533182 0.85 0.29 0.08 0.67
1981 181.561008 0.87 0.30 0.08 0.68
1982 181.588040 0.88 0.30 0.08 0.69
1983 181.610974 0.89 0.30 0.08 0.70
1984 181.597775 0.89 0.30 0.08 0.69
1985 181.605728 0.89 0.30 0.08 0.70
1986 181.598175 0.89 0.30 0.08 0.69
1987 181.600242 0.89 0.30 0.08 0.69
1988 181.606984 0.89 0.30 0.08 0.70
1989 181.588018 0.88 0.30 0.08 0.69
1990 181.565724 0.87 0.30 0.08 0.68
1991 181.546066 0.86 0.30 0.08 0.68
1992 181.591796 0.88 0.30 0.08 0.69
1993 181.586069 0.88 0.30 0.08 0.69
1994 181.577444 0.88 0.30 0.08 0.69
1995 181.614394 0.90 0.30 0.08 0.70
1996 181.607561 0.89 0.30 0.08 0.70
1997 181.660728 0.92 0.31 0.08 0.71
1998 181.668773 0.93 0.31 0.08 0.72
1999 181.664225 0.92 0.31 0.08 0.72
2000 181.694137 0.94 0.31 0.08 0.73
2001 181.661701 0.92 0.31 0.08 0.71
2002 181.613474 0.90 0.30 0.08 0.70
2003 181.622091 0.90 0.31 0.08 0.70
2004 181.651267 0.92 0.31 0.08 0.71
2005 181.700728 0.94 0.32 0.08 0.73
2006 181.678626 0.93 0.31 0.08 0.72
2007 181.727234 0.96 0.32 0.08 0.74
2008 181.739555 0.97 0.32 0.08 0.74
2009 181.780703 0.99 0.33 0.08 0.75
2010 181.777208 0.99 0.32 0.08 0.75
2011 181.869076 1.04 0.34 0.08 0.78
2012 181.866214 1.04 0.34 0.08 0.78
2013 181.900451 1.06 0.34 0.08 0.79
2014 181.887940 1.05 0.34 0.08 0.79
2015 181.868470 1.04 0.34 0.08 0.78
2016 181.803438 1.00 0.33 0.08 0.76
2017 181.775077 0.99 0.32 0.08 0.75
2018 181.774132 0.99 0.32 0.08 0.75
2019 181.752854 0.97 0.32 0.08 0.74
2020 181.820781 1.01 0.33 0.08 0.77
2021 181.874503 1.04 0.34 0.08 0.78
2022 181.898758 1.05 0.34 0.08 0.79
2023 181.892660 1.05 0.34 0.08 0.79
2024 181.855896 1.03 0.33 0.08 0.78
2025 181.823893 1.01 0.33 0.08 0.77
2026 181.809940 1.01 0.33 0.08 0.76
2027 181.807910 1.00 0.33 0.08 0.76
2028 181.753397 0.97 0.32 0.08 0.74
2029 181.695849 0.94 0.31 0.08 0.73
2030 181.704907 0.95 0.32 0.08 0.73
2031 181.707282 0.95 0.32 0.08 0.73
2032 181.699640 0.94 0.32 0.08 0.73
2033 181.666026 0.93 0.31 0.08 0.72
2034 181.652340 0.92 0.31 0.08 0.71
2035 181.696851 0.94 0.31 0.08 0.73
2036 181.709416 0.95 0.32 0.08 0.73
2037 181.651246 0.92 0.31 0.08 0.71
2038 181.672412 0.93 0.31 0.08 0.72
2039 181.698279 0.94 0.32 0.08 0.73
2040 181.675482 0.93 0.31 0.08 0.72
2041 181.666124 0.93 0.31 0.08 0.72
2042 181.625126 0.90 0.31 0.08 0.70
2043 181.623980 0.90 0.31 0.08 0.70
2044 181.657624 0.92 0.31 0.08 0.71
2045 181.714341 0.95 0.32 0.08 0.73
2046 181.686212 0.94 0.31 0.08 0.72
2047 181.676851 0.93 0.31 0.08 0.72
2048 181.691278 0.94 0.31 0.08 0.72
2049 181.652673 0.92 0.31 0.08 0.71
2050 181.685610 0.94 0.31 0.08 0.72
2051 181.673286 0.93 0.31 0.08 0.72
2052 181.656339 0.92 0.31 0.08 0.71
2053 181.637324 0.91 0.31 0.08 0.71
2054 181.639081 0.91 0.31 0.08 0.71
2055 181.659097 0.92 0.31 0.08 0.71
2056 181.632655 0.91 0.31 0.08 0.70
2057 181.576741 0.88 0.30 0.08 0.69
2058 181.541713 0.86 0.30 0.08 0.67
2059 181.567504 0.87 0.30 0.08 0.68
2060 181.619719 0.90 0.31 0.08 0.70
2061 181.601600 0.89 0.30 0.08 0.69
2062 181.571290 0.87 0.30 0.08 0.68
2063 181.579352 0.88 0.30 0.08 0.69
2064 181.537290 0.85 0.30 0.08 0.67
2065 181.499875 0.83 0.29 0.08 0.66
2066 181.493327 0.83 0.29 0.08 0.66
2067 181.548012 0.86 0.30 0.08 0.68
2068 181.518131 0.84 0.29 0.08 0.67
2069 181.547897 0.86 0.30 0.08 0.68
2070 181.527388 0.85 0.29 0.08 0.67
2071 181.541167 0.86 0.30 0.08 0.67
2072 181.594312 0.89 0.30 0.08 0.69
2073 181.544702 0.86 0.30 0.08 0.68
2074 181.551370 0.86 0.30 0.08 0.68
2075 181.567133 0.87 0.30 0.08 0.68
2076 181.553040 0.86 0.30 0.08 0.68
2077 181.577089 0.88 0.30 0.08 0.69
2078 181.581745 0.88 0.30 0.08 0.69
2079 181.570652 0.87 0.30 0.08 0.68
2080 181.588249 0.88 0.30 0.08 0.69
2081 181.636830 0.91 0.31 0.08 0.71
2082 181.621163 0.90 0.31 0.08 0.70
2083 181.600844 0.89 0.30 0.08 0.69
2084 181.670692 0.93 0.31 0.08 0.72
2085 181.673568 0.93 0.31 0.08 0.72
2086 181.620557 0.90 0.31 0.08 0.70
2087 181.586507 0.88 0.30 0.08 0.69
2088 181.573823 0.87 0.30 0.08 0.69
2089 181.589350 0.88 0.30 0.08 0.69
2090 181.550070 0.86 0.30 0.08 0.68
2091 181.509606 0.84 0.29 0.08 0.66
2092 181.538871 0.85 0.30 0.08 0.67
2093 181.532715 0.85 0.29 0.08 0.67
2094 181.528099 0.85 0.29 0.08 0.67
2095 181.529696 0.85 0.29 0.08 0.67
2096 181.532726 0.85 0.29 0.08 0.67
2097 181.529835 0.85 0.29 0.08 0.67
2098 181.534338 0.85 0.29 0.08 0.67
2099 181.561922 0.87 0.30 0.08 0.68
2100 181.579396 0.88 0.30 0.08 0.69
2101 181.533974 0.85 0.29 0.08 0.67
2102 181.478415 0.82 0.29 0.08 0.65
2103 181.473797 0.82 0.29 0.08 0.65
2104 181.447271 0.80 0.28 0.08 0.64
2105 181.430231 0.79 0.28 0.08 0.64
2106 181.426614 0.79 0.28 0.08 0.64
2107 181.466152 0.81 0.29 0.08 0.65
2108 181.471672 0.82 0.29 0.08 0.65
2109 181.417279 0.79 0.28 0.08 0.63
2110 181.446852 0.80 0.28 0.08 0.64
2111 181.441444 0.80 0.28 0.08 0.64
2112 181.431728 0.80 0.28 0.08 0.64
2113 181.474774 0.82 0.29 0.08 0.65
2114 181.526253 0.85 0.29 0.08 0.67
2115 181.505139 0.84 0.29 0.08 0.66
2116 181.491562 0.83 0.29 0.08 0.66
2117 181.512123 0.84 0.29 0.08 0.66
2118 181.496501 0.83 0.29 0.08 0.66
2119 181.465432 0.81 0.29 0.08 0.65
2120 181.451674 0.81 0.28 0.08 0.64
2121 181.475474 0.82 0.29 0.08 0.65
2122 181.465773 0.81 0.29 0.08 0.65
2123 181.471006 0.82 0.29 0.08 0.65
2124 181.506156 0.84 0.29 0.08 0.66
2125 181.490670 0.83 0.29 0.08 0.66
2126 181.500628 0.83 0.29 0.08 0.66
2127 181.449619 0.81 0.28 0.08 0.64
2128 181.441693 0.80 0.28 0.08 0.64
2129 181.461284 0.81 0.29 0.08 0.65
2130 181.449510 0.81 0.28 0.08 0.64
2131 181.449418 0.81 0.28 0.08 0.64
2132 181.427311 0.79 0.28 0.08 0.64
2133 181.434088 0.80 0.28 0.08 0.64
2134 181.391328 0.77 0.28 0.08 0.62
2135 181.440829 0.80 0.28 0.08 0.64
2136 181.390039 0.77 0.28 0.08 0.62
2137 181.339437 0.74 0.27 0.08 0.61
2138 181.356354 0.75 0.27 0.08 0.61
2139 181.410756 0.78 0.28 0.08 0.63
2140 181.457867 0.81 0.29 0.08 0.65
2141 181.443931 0.80 0.28 0.08 0.64
2142 181.477305 0.82 0.29 0.08 0.65
2143 181.488186 0.83 0.29 0.08 0.66
2144 181.532385 0.85 0.29 0.08 0.67
2145 181.582831 0.88 0.30 0.08 0.69
2146 181.554528 0.86 0.30 0.08 0.68
2147 181.572777 0.87 0.30 0.08 0.69
2148 181.571127 0.87 0.30 0.08 0.68
2149 181.592677 0.88 0.30 0.08 0.69
2150 181.561390 0.87 0.30 0.08 0.68
2151 181.522916 0.85 0.29 0.08 0.67
2152 181.527838 0.85 0.29 0.08 0.67
2153 181.505506 0.84 0.29 0.08 0.66
2154 181.469597 0.82 0.29 0.08 0.65
2155 181.471148 0.82 0.29 0.08 0.65
2156 181.441528 0.80 0.28 0.08 0.64
2157 181.422242 0.79 0.28 0.08 0.64
2158 181.419138 0.79 0.28 0.08 0.63
2159 181.384248 0.77 0.28 0.08 0.62
2160 181.394045 0.77 0.28 0.08 0.63
2161 181.442986 0.80 0.28 0.08 0.64
2162 181.472278 0.82 0.29 0.08 0.65
2163 181.460169 0.81 0.29 0.08 0.65
2164 181.491559 0.83 0.29 0.08 0.66
2165 181.554998 0.86 0.30 0.08 0.68
2166 181.552096 0.86 0.30 0.08 0.68
2167 181.555739 0.86 0.30 0.08 0.68
2168 181.529045 0.85 0.29 0.08 0.67
2169 181.545112 0.86 0.30 0.08 0.68
2170 181.587909 0.88 0.30 0.08 0.69
2171 181.577381 0.88 0.30 0.08 0.69
2172 181.584702 0.88 0.30 0.08 0.69
2173 181.578857 0.88 0.30 0.08 0.69
2174 181.560513 0.87 0.30 0.08 0.68
2175 181.551091 0.86 0.30 0.08 0.68
2176 181.533099 0.85 0.29 0.08 0.67
2177 181.586408 0.88 0.30 0.08 0.69
2178 181.601610 0.89 0.30 0.08 0.69
2179 181.621350 0.90 0.31 0.08 0.70
2180 181.633211 0.91 0.31 0.08 0.71
2181 181.622548 0.90 0.31 0.08 0.70
2182 181.660293 0.92 0.31 0.08 0.71
2183 181.704624 0.95 0.32 0.08 0.73
2184 181.672497 0.93 0.31 0.08 0.72
2185 181.697648 0.94 0.32 0.08 0.73
2186 181.720365 0.96 0.32 0.08 0.73
2187 181.728727 0.96 0.32 0.08 0.74
2188 181.758352 0.98 0.32 0.08 0.75
2189 181.826621 1.01 0.33 0.08 0.77
2190 181.878710 1.04 0.34 0.08 0.79
2191 181.910743 1.06 0.34 0.08 0.80
2192 181.883116 1.05 0.34 0.08 0.79
2193 181.901147 1.06 0.34 0.08 0.79
2194 181.952694 1.08 0.35 0.08 0.81
2195 181.898872 1.05 0.34 0.08 0.79
2196 181.863688 1.04 0.34 0.08 0.78
2197 181.911923 1.06 0.34 0.08 0.80
2198 181.891696 1.05 0.34 0.08 0.79
2199 181.907640 1.06 0.34 0.08 0.80
2200 181.991106 1.11 0.35 0.08 0.82
2201 181.921624 1.07 0.34 0.08 0.80
2202 181.934566 1.07 0.34 0.08 0.80
2203 181.935077 1.08 0.34 0.08 0.80
2204 181.968105 1.09 0.35 0.08 0.82
2205 181.985248 1.10 0.35 0.08 0.82
2206 181.909973 1.06 0.34 0.08 0.80
2207 181.873028 1.04 0.34 0.08 0.78
2208 181.912639 1.06 0.34 0.08 0.80
2209 181.850994 1.03 0.33 0.08 0.78
2210 181.845463 1.03 0.33 0.08 0.78
2211 181.782027 0.99 0.33 0.08 0.75
2212 181.814574 1.01 0.33 0.08 0.77
2213 181.751949 0.97 0.32 0.08 0.74
2214 181.736559 0.96 0.32 0.08 0.74
2215 181.771881 0.98 0.32 0.08 0.75
2216 181.757915 0.98 0.32 0.08 0.75
2217 181.778716 0.99 0.32 0.08 0.75
2218 181.793467 1.00 0.33 0.08 0.76
2219 181.763663 0.98 0.32 0.08 0.75
2220 181.741906 0.97 0.32 0.08 0.74
2221 181.747928 0.97 0.32 0.08 0.74
2222 181.808274 1.00 0.33 0.08 0.76
2223 181.859204 1.03 0.33 0.08 0.78
2224 181.882398 1.05 0.34 0.08 0.79
2225 181.936901 1.08 0.34 0.08 0.81
2226 181.940122 1.08 0.34 0.08 0.81
2227 181.944061 1.08 0.35 0.08 0.81
2228 181.966734 1.09 0.35 0.08 0.82
2229 181.932015 1.07 0.34 0.08 0.80
2230 181.998499 1.11 0.35 0.08 0.83
2231 181.931696 1.07 0.34 0.08 0.80
2232 181.878695 1.04 0.34 0.08 0.79
2233 181.884134 1.05 0.34 0.08 0.79
2234 181.858393 1.03 0.33 0.08 0.78
2235 181.939418 1.08 0.34 0.08 0.81
2236 181.875701 1.04 0.34 0.08 0.79
2237 181.876391 1.04 0.34 0.08 0.79
2238 181.833795 1.02 0.33 0.08 0.77
2239 181.814728 1.01 0.33 0.08 0.77
2240 181.799361 1.00 0.33 0.08 0.76
2241 181.838528 1.02 0.33 0.08 0.77
2242 181.836196 1.02 0.33 0.08 0.77
2243 181.856056 1.03 0.33 0.08 0.78
2244 181.873399 1.04 0.34 0.08 0.78
2245 181.940060 1.08 0.34 0.08 0.81
2246 181.980917 1.10 0.35 0.08 0.82
2247 181.900355 1.06 0.34 0.08 0.79
2248 181.865623 1.04 0.34 0.08 0.78
2249 181.945118 1.08 0.35 0.08 0.81
2250 181.972480 1.10 0.35 0.08 0.82
2251 181.973698 1.10 0.35 0.08 0.82
2252 181.969235 1.09 0.35 0.08 0.82
2253 181.962891 1.09 0.35 0.08 0.81
2254 181.931832 1.07 0.34 0.08 0.80
2255 181.914049 1.06 0.34 0.08 0.80
2256 181.875322 1.04 0.34 0.08 0.79
2257 181.922573 1.07 0.34 0.08 0.80
2258 181.956478 1.09 0.35 0.08 0.81
2259 181.976066 1.10 0.35 0.08 0.82
2260 181.999660 1.11 0.35 0.08 0.83
2261 182.002850 1.11 0.35 0.08 0.83
2262 181.995866 1.11 0.35 0.08 0.83
2263 181.974405 1.10 0.35 0.08 0.82
2264 182.012883 1.12 0.35 0.08 0.83
2265 182.052827 1.14 0.36 0.08 0.84
2266 182.042404 1.13 0.36 0.08 0.84
2267 182.072889 1.15 0.36 0.08 0.85
2268 182.043148 1.14 0.36 0.08 0.84
2269 182.000426 1.11 0.35 0.08 0.83
2270 181.968042 1.09 0.35 0.08 0.82
2271 181.949185 1.08 0.35 0.08 0.81
2272 181.951747 1.08 0.35 0.08 0.81
2273 181.922947 1.07 0.34 0.08 0.80
2274 181.893228 1.05 0.34 0.08 0.79
2275 181.946773 1.08 0.35 0.08 0.81
2276 181.900020 1.06 0.34 0.08 0.79
2277 181.833767 1.02 0.33 0.08 0.77
2278 181.881551 1.05 0.34 0.08 0.79
2279 181.773189 0.99 0.32 0.08 0.75
2280 181.716077 0.95 0.32 0.08 0.73
2281 181.719502 0.96 0.32 0.08 0.73
2282 181.691627 0.94 0.31 0.08 0.72
2283 181.750084 0.97 0.32 0.08 0.74
2284 181.699190 0.94 0.32 0.08 0.73
2285 181.694232 0.94 0.31 0.08 0.73
2286 181.699434 0.94 0.32 0.08 0.73
2287 181.668751 0.93 0.31 0.08 0.72
2288 181.675462 0.93 0.31 0.08 0.72
2289 181.744069 0.97 0.32 0.08 0.74
2290 181.702060 0.95 0.32 0.08 0.73
2291 181.692114 0.94 0.31 0.08 0.72
2292 181.694026 0.94 0.31 0.08 0.73
2293 181.652882 0.92 0.31 0.08 0.71
2294 181.648839 0.92 0.31 0.08 0.71
2295 181.680760 0.93 0.31 0.08 0.72
2296 181.678950 0.93 0.31 0.08 0.72
2297 181.752423 0.97 0.32 0.08 0.74
2298 181.828687 1.02 0.33 0.08 0.77
2299 181.818827 1.01 0.33 0.08 0.77
2300 181.815755 1.01 0.33 0.08 0.77
2301 181.815058 1.01 0.33 0.08 0.77
2302 181.833548 1.02 0.33 0.08 0.77
2303 181.858613 1.03 0.33 0.08 0.78
2304 181.861170 1.03 0.34 0.08 0.78
2305 181.825964 1.01 0.33 0.08 0.77
2306 181.882706 1.05 0.34 0.08 0.79
2307 181.886361 1.05 0.34 0.08 0.79
2308 181.880479 1.04 0.34 0.08 0.79
2309 181.919624 1.07 0.34 0.08 0.80
2310 181.975569 1.10 0.35 0.08 0.82
2311 181.953384 1.09 0.35 0.08 0.81
2312 181.935544 1.08 0.34 0.08 0.81
2313 181.929699 1.07 0.34 0.08 0.80
2314 181.966750 1.09 0.35 0.08 0.82
2315 181.961384 1.09 0.35 0.08 0.81
2316 181.945039 1.08 0.35 0.08 0.81
2317 182.008564 1.12 0.35 0.08 0.83
2318 181.980983 1.10 0.35 0.08 0.82
2319 181.986428 1.10 0.35 0.08 0.82
2320 181.928274 1.07 0.34 0.08 0.80
2321 181.874888 1.04 0.34 0.08 0.79
2322 181.934463 1.07 0.34 0.08 0.80
2323 181.840057 1.02 0.33 0.08 0.77
2324 181.803777 1.00 0.33 0.08 0.76
2325 181.823963 1.01 0.33 0.08 0.77
2326 181.787986 0.99 0.33 0.08 0.76
2327 181.791320 1.00 0.33 0.08 0.76
2328 181.802761 1.00 0.33 0.08 0.76
2329 181.761610 0.98 0.32 0.08 0.75
2330 181.778521 0.99 0.32 0.08 0.75
2331 181.717890 0.95 0.32 0.08 0.73
2332 181.698032 0.94 0.32 0.08 0.73
2333 181.674490 0.93 0.31 0.08 0.72
2334 181.663457 0.92 0.31 0.08 0.72
2335 181.709891 0.95 0.32 0.08 0.73
2336 181.682900 0.93 0.31 0.08 0.72
2337 181.716216 0.95 0.32 0.08 0.73
2338 181.750194 0.97 0.32 0.08 0.74
2339 181.723948 0.96 0.32 0.08 0.74
2340 181.712614 0.95 0.32 0.08 0.73
2341 181.682313 0.93 0.31 0.08 0.72
2342 181.610241 0.89 0.30 0.08 0.70
2343 181.714001 0.95 0.32 0.08 0.73
2344 181.703413 0.95 0.32 0.08 0.73
2345 181.682009 0.93 0.31 0.08 0.72
2346 181.679933 0.93 0.31 0.08 0.72
2347 181.674789 0.93 0.31 0.08 0.72
2348 181.663425 0.92 0.31 0.08 0.72
2349 181.603010 0.89 0.30 0.08 0.70
2350 181.632435 0.91 0.31 0.08 0.70
2351 181.619625 0.90 0.31 0.08 0.70
2352 181.634383 0.91 0.31 0.08 0.71
2353 181.601498 0.89 0.30 0.08 0.69
2354 181.610346 0.89 0.30 0.08 0.70
2355 181.594018 0.89 0.30 0.08 0.69
2356 181.642007 0.91 0.31 0.08 0.71
2357 181.594519 0.89 0.30 0.08 0.69
2358 181.592779 0.88 0.30 0.08 0.69
2359 181.523799 0.85 0.29 0.08 0.67
2360 181.540057 0.86 0.30 0.08 0.67
2361 181.573217 0.87 0.30 0.08 0.69
2362 181.559167 0.87 0.30 0.08 0.68
2363 181.508983 0.84 0.29 0.08 0.66
2364 181.555379 0.86 0.30 0.08 0.68
2365 181.542540 0.86 0.30 0.08 0.68
2366 181.525794 0.85 0.29 0.08 0.67
2367 181.523226 0.85 0.29 0.08 0.67
2368 181.576584 0.88 0.30 0.08 0.69
2369 181.621387 0.90 0.31 0.08 0.70
2370 181.642322 0.91 0.31 0.08 0.71
2371 181.652782 0.92 0.31 0.08 0.71
2372 181.732630 0.96 0.32 0.08 0.74
2373 181.747543 0.97 0.32 0.08 0.74
2374 181.718266 0.95 0.32 0.08 0.73
2375 181.648782 0.92 0.31 0.08 0.71
2376 181.608699 0.89 0.30 0.08 0.70
2377 181.595174 0.89 0.30 0.08 0.69
2378 181.552054 0.86 0.30 0.08 0.68
2379 181.474377 0.82 0.29 0.08 0.65
2380 181.501429 0.83 0.29 0.08 0.66
2381 181.510350 0.84 0.29 0.08 0.66
2382 181.527343 0.85 0.29 0.08 0.67
2383 181.521739 0.85 0.29 0.08 0.67
2384 181.504068 0.84 0.29 0.08 0.66
2385 181.483257 0.82 0.29 0.08 0.66
2386 181.514291 0.84 0.29 0.08 0.67
2387 181.467620 0.82 0.29 0.08 0.65
2388 181.417415 0.79 0.28 0.08 0.63
2389 181.418477 0.79 0.28 0.08 0.63
2390 181.466652 0.81 0.29 0.08 0.65
2391 181.451888 0.81 0.28 0.08 0.65
2392 181.411539 0.78 0.28 0.08 0.63
2393 181.476618 0.82 0.29 0.08 0.65
2394 181.498183 0.83 0.29 0.08 0.66
2395 181.545736 0.86 0.30 0.08 0.68
2396 181.579576 0.88 0.30 0.08 0.69
2397 181.576394 0.88 0.30 0.08 0.69
2398 181.593330 0.89 0.30 0.08 0.69
2399 181.578458 0.88 0.30 0.08 0.69
2400 181.591758 0.88 0.30 0.08 0.69
2401 181.598701 0.89 0.30 0.08 0.69
2402 181.617633 0.90 0.31 0.08 0.70
2403 181.638686 0.91 0.31 0.08 0.71
2404 181.651757 0.92 0.31 0.08 0.71
2405 181.642481 0.91 0.31 0.08 0.71
2406 181.660143 0.92 0.31 0.08 0.71
2407 181.674775 0.93 0.31 0.08 0.72
2408 181.663576 0.92 0.31 0.08 0.72
2409 181.677705 0.93 0.31 0.08 0.72
2410 181.662702 0.92 0.31 0.08 0.71
2411 181.646517 0.91 0.31 0.08 0.71
2412 181.691098 0.94 0.31 0.08 0.72
2413 181.698180 0.94 0.32 0.08 0.73
2414 181.711293 0.95 0.32 0.08 0.73
2415 181.658007 0.92 0.31 0.08 0.71
2416 181.599649 0.89 0.30 0.08 0.69
2417 181.649646 0.92 0.31 0.08 0.71
2418 181.647666 0.92 0.31 0.08 0.71
2419 181.637172 0.91 0.31 0.08 0.71
2420 181.662082 0.92 0.31 0.08 0.71
2421 181.696650 0.94 0.31 0.08 0.73
2422 181.670426 0.93 0.31 0.08 0.72
2423 181.669479 0.93 0.31 0.08 0.72
2424 181.653345 0.92 0.31 0.08 0.71
2425 181.594457 0.89 0.30 0.08 0.69
2426 181.610310 0.89 0.30 0.08 0.70
2427 181.645810 0.91 0.31 0.08 0.71
2428 181.635820 0.91 0.31 0.08 0.71
2429 181.588665 0.88 0.30 0.08 0.69
2430 181.630432 0.91 0.31 0.08 0.70
2431 181.598490 0.89 0.30 0.08 0.69
2432 181.611606 0.90 0.30 0.08 0.70
2433 181.579257 0.88 0.30 0.08 0.69
2434 181.611812 0.90 0.30 0.08 0.70
2435 181.664728 0.92 0.31 0.08 0.72
2436 181.642246 0.91 0.31 0.08 0.71
2437 181.652886 0.92 0.31 0.08 0.71
2438 181.651180 0.92 0.31 0.08 0.71
2439 181.666420 0.93 0.31 0.08 0.72
2440 181.673139 0.93 0.31 0.08 0.72
2441 181.626887 0.90 0.31 0.08 0.70
2442 181.630087 0.91 0.31 0.08 0.70
2443 181.616525 0.90 0.31 0.08 0.70
2444 181.642520 0.91 0.31 0.08 0.71
2445 181.620336 0.90 0.31 0.08 0.70
2446 181.627933 0.90 0.31 0.08 0.70
2447 181.680652 0.93 0.31 0.08 0.72
2448 181.700700 0.94 0.32 0.08 0.73
2449 181.679768 0.93 0.31 0.08 0.72
2450 181.701243 0.95 0.32 0.08 0.73
2451 181.632106 0.91 0.31 0.08 0.70
2452 181.644909 0.91 0.31 0.08 0.71
2453 181.691058 0.94 0.31 0.08 0.72
2454 181.674378 0.93 0.31 0.08 0.72
2455 181.720310 0.96 0.32 0.08 0.73
2456 181.727141 0.96 0.32 0.08 0.74
2457 181.759131 0.98 0.32 0.08 0.75
2458 181.769803 0.98 0.32 0.08 0.75
2459 181.789878 0.99 0.33 0.08 0.76
2460 181.750638 0.97 0.32 0.08 0.74
2461 181.699263 0.94 0.32 0.08 0.73
2462 181.631098 0.91 0.31 0.08 0.70
2463 181.592630 0.88 0.30 0.08 0.69
2464 181.565783 0.87 0.30 0.08 0.68
2465 181.593647 0.89 0.30 0.08 0.69
2466 181.593294 0.89 0.30 0.08 0.69
2467 181.565491 0.87 0.30 0.08 0.68
2468 181.567959 0.87 0.30 0.08 0.68
2469 181.589476 0.88 0.30 0.08 0.69
2470 181.578345 0.88 0.30 0.08 0.69
2471 181.606631 0.89 0.30 0.08 0.70
2472 181.699359 0.94 0.32 0.08 0.73
2473 181.689157 0.94 0.31 0.08 0.72
2474 181.715321 0.95 0.32 0.08 0.73
2475 181.679270 0.93 0.31 0.08 0.72
2476 181.609270 0.89 0.30 0.08 0.70
2477 181.672971 0.93 0.31 0.08 0.72
2478 181.653625 0.92 0.31 0.08 0.71
2479 181.648507 0.92 0.31 0.08 0.71
2480 181.595068 0.89 0.30 0.08 0.69
2481 181.635055 0.91 0.31 0.08 0.71
2482 181.670890 0.93 0.31 0.08 0.72
2483 181.649373 0.92 0.31 0.08 0.71
2484 181.607986 0.89 0.30 0.08 0.70
2485 181.598806 0.89 0.30 0.08 0.69
2486 181.599170 0.89 0.30 0.08 0.69
2487 181.573048 0.87 0.30 0.08 0.69
2488 181.562116 0.87 0.30 0.08 0.68
2489 181.597984 0.89 0.30 0.08 0.69
2490 181.630089 0.91 0.31 0.08 0.70
2491 181.657466 0.92 0.31 0.08 0.71
2492 181.669143 0.93 0.31 0.08 0.72
2493 181.563635 0.87 0.30 0.08 0.68
2494 181.506082 0.84 0.29 0.08 0.66
2495 181.517878 0.84 0.29 0.08 0.67
2496 181.502147 0.83 0.29 0.08 0.66
2497 181.538326 0.85 0.30 0.08 0.67
2498 181.595455 0.89 0.30 0.08 0.69
2499 181.587755 0.88 0.30 0.08 0.69
2500 181.559734 0.87 0.30 0.08 0.68
2501 181.573447 0.87 0.30 0.08 0.69
2502 181.583951 0.88 0.30 0.08 0.69
2503 181.574844 0.87 0.30 0.08 0.69
2504 181.541861 0.86 0.30 0.08 0.67
2505 181.484431 0.82 0.29 0.08 0.66
2506 181.490595 0.83 0.29 0.08 0.66
2507 181.491885 0.83 0.29 0.08 0.66
2508 181.492262 0.83 0.29 0.08 0.66
2509 181.476282 0.82 0.29 0.08 0.65
2510 181.422342 0.79 0.28 0.08 0.64
2511 181.420443 0.79 0.28 0.08 0.63
2512 181.426084 0.79 0.28 0.08 0.64
2513 181.386003 0.77 0.28 0.08 0.62
2514 181.340392 0.74 0.27 0.08 0.61
2515 181.370819 0.76 0.27 0.08 0.62
2516 181.336540 0.74 0.27 0.08 0.61
2517 181.335850 0.74 0.27 0.08 0.61
2518 181.335545 0.74 0.27 0.08 0.61
2519 181.321741 0.73 0.27 0.08 0.60
2520 181.345118 0.75 0.27 0.08 0.61
2521 181.323382 0.74 0.27 0.08 0.60
2522 181.277599 0.71 0.26 0.08 0.59
2523 181.287384 0.72 0.26 0.08 0.59
2524 181.243472 0.69 0.26 0.08 0.58
2525 181.221126 0.68 0.26 0.08 0.57
2526 181.183432 0.66 0.25 0.08 0.56
2527 181.162856 0.65 0.25 0.08 0.55
2528 181.157250 0.64 0.25 0.08 0.55
2529 181.140813 0.63 0.25 0.08 0.54
2530 181.087478 0.60 0.24 0.08 0.52
2531 181.107736 0.62 0.24 0.08 0.53
2532 181.078532 0.60 0.24 0.08 0.52
2533 181.044997 0.58 0.23 0.08 0.51
2534 181.054298 0.59 0.24 0.08 0.51
2535 181.066833 0.59 0.24 0.08 0.52
2536 181.092228 0.61 0.24 0.08 0.53
2537 181.093504 0.61 0.24 0.08 0.53
2538 181.125460 0.63 0.24 0.08 0.54
2539 181.135588 0.63 0.25 0.08 0.54
2540 181.135542 0.63 0.25 0.08 0.54
2541 181.134040 0.63 0.25 0.08 0.54
2542 181.105528 0.61 0.24 0.08 0.53
2543 181.127366 0.63 0.24 0.08 0.54
2544 181.110553 0.62 0.24 0.08 0.53
2545 181.160303 0.64 0.25 0.08 0.55
2546 181.204779 0.67 0.25 0.08 0.56
2547 181.242989 0.69 0.26 0.08 0.58
2548 181.307022 0.73 0.27 0.08 0.60
2549 181.299502 0.72 0.27 0.08 0.59
2550 181.282070 0.71 0.26 0.08 0.59
2551 181.239023 0.69 0.26 0.08 0.57
2552 181.181286 0.66 0.25 0.08 0.56
2553 181.223548 0.68 0.26 0.08 0.57
2554 181.227901 0.68 0.26 0.08 0.57
2555 181.240598 0.69 0.26 0.08 0.58
2556 181.293007 0.72 0.27 0.08 0.59
2557 181.314717 0.73 0.27 0.08 0.60
2558 181.301112 0.72 0.27 0.08 0.60
2559 181.306259 0.73 0.27 0.08 0.60
2560 181.347287 0.75 0.27 0.08 0.61
2561 181.368535 0.76 0.27 0.08 0.62
2562 181.372747 0.76 0.28 0.08 0.62
2563 181.400953 0.78 0.28 0.08 0.63
2564 181.425970 0.79 0.28 0.08 0.64
2565 181.422203 0.79 0.28 0.08 0.64
2566 181.420998 0.79 0.28 0.08 0.63
2567 181.374350 0.76 0.28 0.08 0.62
2568 181.352458 0.75 0.27 0.08 0.61
2569 181.299968 0.72 0.27 0.08 0.59
2570 181.304593 0.72 0.27 0.08 0.60
2571 181.308445 0.73 0.27 0.08 0.60
2572 181.278829 0.71 0.26 0.08 0.59
2573 181.256601 0.70 0.26 0.08 0.58
2574 181.329524 0.74 0.27 0.08 0.60
2575 181.323814 0.74 0.27 0.08 0.60
2576 181.332336 0.74 0.27 0.08 0.61
2577 181.301608 0.72 0.27 0.08 0.60
2578 181.275831 0.71 0.26 0.08 0.59
2579 181.302697 0.72 0.27 0.08 0.60
2580 181.257555 0.70 0.26 0.08 0.58
2581 181.330150 0.74 0.27 0.08 0.60
2582 181.273139 0.71 0.26 0.08 0.59
2583 181.280607 0.71 0.26 0.08 0.59
2584 181.287645 0.72 0.26 0.08 0.59
2585 181.255612 0.70 0.26 0.08 0.58
2586 181.257512 0.70 0.26 0.08 0.58
2587 181.240753 0.69 0.26 0.08 0.58
2588 181.230760 0.68 0.26 0.08 0.57
2589 181.169225 0.65 0.25 0.08 0.55
2590 181.220502 0.68 0.26 0.08 0.57
2591 181.249398 0.69 0.26 0.08 0.58
2592 181.205121 0.67 0.25 0.08 0.56
2593 181.203204 0.67 0.25 0.08 0.56
2594 181.270363 0.71 0.26 0.08 0.58
2595 181.232966 0.68 0.26 0.08 0.57
2596 181.255759 0.70 0.26 0.08 0.58
2597 181.266054 0.70 0.26 0.08 0.58
2598 181.279398 0.71 0.26 0.08 0.59
2599 181.254904 0.70 0.26 0.08 0.58
2600 181.281272 0.71 0.26 0.08 0.59
2601 181.258312 0.70 0.26 0.08 0.58
2602 181.321190 0.73 0.27 0.08 0.60
2603 181.292013 0.72 0.27 0.08 0.59
2604 181.336870 0.74 0.27 0.08 0.61
2605 181.357323 0.75 0.27 0.08 0.61
2606 181.334195 0.74 0.27 0.08 0.61
2607 181.325716 0.74 0.27 0.08 0.60
2608 181.252629 0.70 0.26 0.08 0.58
2609 181.227535 0.68 0.26 0.08 0.57
2610 181.234157 0.69 0.26 0.08 0.57
2611 181.235006 0.69 0.26 0.08 0.57
2612 181.201731 0.67 0.25 0.08 0.56
2613 181.214003 0.67 0.26 0.08 0.57
2614 181.209872 0.67 0.26 0.08 0.56
2615 181.209387 0.67 0.25 0.08 0.56
2616 181.163806 0.65 0.25 0.08 0.55
2617 181.173201 0.65 0.25 0.08 0.55
2618 181.194090 0.66 0.25 0.08 0.56
2619 181.219777 0.68 0.26 0.08 0.57
2620 181.158821 0.64 0.25 0.08 0.55
2621 181.136985 0.63 0.25 0.08 0.54
2622 181.171638 0.65 0.25 0.08 0.55
2623 181.176652 0.65 0.25 0.08 0.55
2624 181.153570 0.64 0.25 0.08 0.55
2625 181.146570 0.64 0.25 0.08 0.54
2626 181.107221 0.62 0.24 0.08 0.53
2627 181.075348 0.60 0.24 0.08 0.52
2628 181.151711 0.64 0.25 0.08 0.55
2629 181.165745 0.65 0.25 0.08 0.55
2630 181.197399 0.67 0.25 0.08 0.56
2631 181.207525 0.67 0.25 0.08 0.56
2632 181.193871 0.66 0.25 0.08 0.56
2633 181.252642 0.70 0.26 0.08 0.58
2634 181.247548 0.69 0.26 0.08 0.58
2635 181.218053 0.68 0.26 0.08 0.57
2636 181.193408 0.66 0.25 0.08 0.56
2637 181.214656 0.67 0.26 0.08 0.57
2638 181.299308 0.72 0.27 0.08 0.59
2639 181.216060 0.68 0.26 0.08 0.57
2640 181.192245 0.66 0.25 0.08 0.56
2641 181.212658 0.67 0.26 0.08 0.57
2642 181.189437 0.66 0.25 0.08 0.56
2643 181.206953 0.67 0.25 0.08 0.56
2644 181.192183 0.66 0.25 0.08 0.56
2645 181.166813 0.65 0.25 0.08 0.55
2646 181.158025 0.64 0.25 0.08 0.55
2647 181.126637 0.63 0.24 0.08 0.54
2648 181.073723 0.60 0.24 0.08 0.52
2649 181.123093 0.62 0.24 0.08 0.54
2650 181.141429 0.63 0.25 0.08 0.54
2651 181.045583 0.58 0.23 0.08 0.51
2652 181.073872 0.60 0.24 0.08 0.52
2653 181.082610 0.60 0.24 0.08 0.52
2654 181.074481 0.60 0.24 0.08 0.52
2655 181.105035 0.61 0.24 0.08 0.53
2656 181.104600 0.61 0.24 0.08 0.53
2657 181.130938 0.63 0.25 0.08 0.54
2658 181.137114 0.63 0.25 0.08 0.54
2659 181.131444 0.63 0.25 0.08 0.54
2660 181.110180 0.62 0.24 0.08 0.53
2661 181.112916 0.62 0.24 0.08 0.53
2662 181.069735 0.59 0.24 0.08 0.52
2663 181.053909 0.59 0.24 0.08 0.51
2664 181.128206 0.63 0.24 0.08 0.54
2665 181.163006 0.65 0.25 0.08 0.55
2666 181.171520 0.65 0.25 0.08 0.55
2667 181.197293 0.67 0.25 0.08 0.56
2668 181.175493 0.65 0.25 0.08 0.55
2669 181.239122 0.69 0.26 0.08 0.57
2670 181.243997 0.69 0.26 0.08 0.58
2671 181.273891 0.71 0.26 0.08 0.59
2672 181.266990 0.70 0.26 0.08 0.58
2673 181.261756 0.70 0.26 0.08 0.58
2674 181.238691 0.69 0.26 0.08 0.57
2675 181.275240 0.71 0.26 0.08 0.59
2676 181.294310 0.72 0.27 0.08 0.59
2677 181.275191 0.71 0.26 0.08 0.59
2678 181.250700 0.69 0.26 0.08 0.58
2679 181.259646 0.70 0.26 0.08 0.58
2680 181.270621 0.71 0.26 0.08 0.59
2681 181.267408 0.70 0.26 0.08 0.58
2682 181.238126 0.69 0.26 0.08 0.57
2683 181.199249 0.67 0.25 0.08 0.56
2684 181.207643 0.67 0.25 0.08 0.56
2685 181.232116 0.68 0.26 0.08 0.57
2686 181.200803 0.67 0.25 0.08 0.56
2687 181.219972 0.68 0.26 0.08 0.57
2688 181.248389 0.69 0.26 0.08 0.58
2689 181.309553 0.73 0.27 0.08 0.60
2690 181.316117 0.73 0.27 0.08 0.60
2691 181.303757 0.72 0.27 0.08 0.60
2692 181.271243 0.71 0.26 0.08 0.59
2693 181.263181 0.70 0.26 0.08 0.58
2694 181.282047 0.71 0.26 0.08 0.59
2695 181.282001 0.71 0.26 0.08 0.59
2696 181.314803 0.73 0.27 0.08 0.60
2697 181.296161 0.72 0.27 0.08 0.59
2698 181.279939 0.71 0.26 0.08 0.59
2699 181.271938 0.71 0.26 0.08 0.59
2700 181.335525 0.74 0.27 0.08 0.61
2701 181.360546 0.76 0.27 0.08 0.61
2702 181.318853 0.73 0.27 0.08 0.60
2703 181.360535 0.76 0.27 0.08 0.61
2704 181.444990 0.80 0.28 0.08 0.64
2705 181.449053 0.81 0.28 0.08 0.64
2706 181.465752 0.81 0.29 0.08 0.65
2707 181.504868 0.84 0.29 0.08 0.66
2708 181.471634 0.82 0.29 0.08 0.65
2709 181.485011 0.83 0.29 0.08 0.66
2710 181.450905 0.81 0.28 0.08 0.64
2711 181.413815 0.79 0.28 0.08 0.63
2712 181.439563 0.80 0.28 0.08 0.64
2713 181.464384 0.81 0.29 0.08 0.65
2714 181.474656 0.82 0.29 0.08 0.65
2715 181.510690 0.84 0.29 0.08 0.66
2716 181.492111 0.83 0.29 0.08 0.66
2717 181.492340 0.83 0.29 0.08 0.66
2718 181.382376 0.77 0.28 0.08 0.62
2719 181.450466 0.81 0.28 0.08 0.64
2720 181.409743 0.78 0.28 0.08 0.63
2721 181.444305 0.80 0.28 0.08 0.64
2722 181.474604 0.82 0.29 0.08 0.65
2723 181.481130 0.82 0.29 0.08 0.65
2724 181.496627 0.83 0.29 0.08 0.66
2725 181.466316 0.81 0.29 0.08 0.65
2726 181.409106 0.78 0.28 0.08 0.63
2727 181.397827 0.78 0.28 0.08 0.63
2728 181.430081 0.79 0.28 0.08 0.64
2729 181.432561 0.80 0.28 0.08 0.64
2730 181.373202 0.76 0.28 0.08 0.62
2731 181.351048 0.75 0.27 0.08 0.61
2732 181.310938 0.73 0.27 0.08 0.60
2733 181.339210 0.74 0.27 0.08 0.61
2734 181.309998 0.73 0.27 0.08 0.60
2735 181.287623 0.72 0.26 0.08 0.59
2736 181.322643 0.73 0.27 0.08 0.60
2737 181.299436 0.72 0.27 0.08 0.59
2738 181.305803 0.73 0.27 0.08 0.60
2739 181.262948 0.70 0.26 0.08 0.58
2740 181.267598 0.70 0.26 0.08 0.58
2741 181.300822 0.72 0.27 0.08 0.60
2742 181.296988 0.72 0.27 0.08 0.59
2743 181.290081 0.72 0.26 0.08 0.59
2744 181.267059 0.70 0.26 0.08 0.58
2745 181.321122 0.73 0.27 0.08 0.60
2746 181.308553 0.73 0.27 0.08 0.60
2747 181.315616 0.73 0.27 0.08 0.60
2748 181.404727 0.78 0.28 0.08 0.63
2749 181.371746 0.76 0.27 0.08 0.62
2750 181.401625 0.78 0.28 0.08 0.63
2751 181.331873 0.74 0.27 0.08 0.61
2752 181.250394 0.69 0.26 0.08 0.58
2753 181.288175 0.72 0.26 0.08 0.59
2754 181.234766 0.69 0.26 0.08 0.57
2755 181.201918 0.67 0.25 0.08 0.56
2756 181.157940 0.64 0.25 0.08 0.55
2757 181.169649 0.65 0.25 0.08 0.55
2758 181.185118 0.66 0.25 0.08 0.56
2759 181.137663 0.63 0.25 0.08 0.54
2760 181.161543 0.65 0.25 0.08 0.55
2761 181.166819 0.65 0.25 0.08 0.55
2762 181.130933 0.63 0.25 0.08 0.54
2763 181.172170 0.65 0.25 0.08 0.55
2764 181.103130 0.61 0.24 0.08 0.53
2765 181.068269 0.59 0.24 0.08 0.52
2766 181.038938 0.58 0.23 0.08 0.51
2767 180.969178 0.54 0.23 0.08 0.49
2768 181.009661 0.56 0.23 0.08 0.50
2769 181.042169 0.58 0.23 0.08 0.51
2770 181.011732 0.56 0.23 0.08 0.50
2771 181.023612 0.57 0.23 0.08 0.50
2772 181.002537 0.56 0.23 0.08 0.50
2773 180.985005 0.55 0.23 0.08 0.49
2774 180.953620 0.53 0.22 0.08 0.48
2775 180.962148 0.53 0.22 0.08 0.48
2776 180.927209 0.52 0.22 0.08 0.47
2777 180.935626 0.52 0.22 0.08 0.47
2778 180.934986 0.52 0.22 0.08 0.47
2779 180.879904 0.49 0.21 0.08 0.46
2780 180.907088 0.50 0.22 0.08 0.46
2781 180.911984 0.51 0.22 0.08 0.47
2782 180.887622 0.49 0.22 0.08 0.46
2783 180.855851 0.48 0.21 0.08 0.45
2784 180.833997 0.46 0.21 0.08 0.44
2785 180.858415 0.48 0.21 0.08 0.45
2786 180.866194 0.48 0.21 0.08 0.45
2787 180.870322 0.48 0.21 0.08 0.45
2788 180.931244 0.52 0.22 0.08 0.47
2789 180.954358 0.53 0.22 0.08 0.48
2790 180.995145 0.55 0.23 0.08 0.49
2791 180.984034 0.55 0.23 0.08 0.49
2792 180.992467 0.55 0.23 0.08 0.49
2793 181.007083 0.56 0.23 0.08 0.50
2794 180.992023 0.55 0.23 0.08 0.49
2795 180.937587 0.52 0.22 0.08 0.47
2796 180.899283 0.50 0.22 0.08 0.46
2797 180.980220 0.54 0.23 0.08 0.49
2798 181.003381 0.56 0.23 0.08 0.50
2799 180.986179 0.55 0.23 0.08 0.49
2800 181.044746 0.58 0.23 0.08 0.51
2801 181.010871 0.56 0.23 0.08 0.50
2802 181.037474 0.58 0.23 0.08 0.51
2803 181.041739 0.58 0.23 0.08 0.51
2804 180.988171 0.55 0.23 0.08 0.49
2805 181.003396 0.56 0.23 0.08 0.50
2806 180.991272 0.55 0.23 0.08 0.49
2807 181.000416 0.56 0.23 0.08 0.50
2808 181.022575 0.57 0.23 0.08 0.50
2809 181.022365 0.57 0.23 0.08 0.50
2810 181.075949 0.60 0.24 0.08 0.52
2811 181.157969 0.64 0.25 0.08 0.55
2812 181.157851 0.64 0.25 0.08 0.55
2813 181.152771 0.64 0.25 0.08 0.55
2814 181.111346 0.62 0.24 0.08 0.53
2815 181.130310 0.63 0.25 0.08 0.54
2816 181.130333 0.63 0.25 0.08 0.54
2817 181.118804 0.62 0.24 0.08 0.53
2818 181.109363 0.62 0.24 0.08 0.53
2819 181.103250 0.61 0.24 0.08 0.53
2820 181.101090 0.61 0.24 0.08 0.53
2821 181.059366 0.59 0.24 0.08 0.52
2822 181.032218 0.57 0.23 0.08 0.51
2823 180.992854 0.55 0.23 0.08 0.49
2824 181.032120 0.57 0.23 0.08 0.51
2825 181.057040 0.59 0.24 0.08 0.51
2826 181.065657 0.59 0.24 0.08 0.52
2827 181.038577 0.58 0.23 0.08 0.51
2828 181.070262 0.59 0.24 0.08 0.52
2829 181.042016 0.58 0.23 0.08 0.51
2830 181.063284 0.59 0.24 0.08 0.52
2831 181.065226 0.59 0.24 0.08 0.52
2832 181.128715 0.63 0.25 0.08 0.54
2833 181.205805 0.67 0.25 0.08 0.56
2834 181.210915 0.67 0.26 0.08 0.57
2835 181.205119 0.67 0.25 0.08 0.56
2836 181.251033 0.70 0.26 0.08 0.58
2837 181.302097 0.72 0.27 0.08 0.60
2838 181.283893 0.71 0.26 0.08 0.59
2839 181.299373 0.72 0.27 0.08 0.59
2840 181.320255 0.73 0.27 0.08 0.60
2841 181.293099 0.72 0.27 0.08 0.59
2842 181.300977 0.72 0.27 0.08 0.60
2843 181.307530 0.73 0.27 0.08 0.60
2844 181.262126 0.70 0.26 0.08 0.58
2845 181.232504 0.68 0.26 0.08 0.57
2846 181.246304 0.69 0.26 0.08 0.58
2847 181.286236 0.71 0.26 0.08 0.59
2848 181.249765 0.69 0.26 0.08 0.58
2849 181.205544 0.67 0.25 0.08 0.56
2850 181.198409 0.67 0.25 0.08 0.56
2851 181.164637 0.65 0.25 0.08 0.55
2852 181.192859 0.66 0.25 0.08 0.56
2853 181.222920 0.68 0.26 0.08 0.57
2854 181.270200 0.71 0.26 0.08 0.58
2855 181.282108 0.71 0.26 0.08 0.59
2856 181.336931 0.74 0.27 0.08 0.61
2857 181.332160 0.74 0.27 0.08 0.61
2858 181.315562 0.73 0.27 0.08 0.60
2859 181.337538 0.74 0.27 0.08 0.61
2860 181.404231 0.78 0.28 0.08 0.63
2861 181.408413 0.78 0.28 0.08 0.63
2862 181.389831 0.77 0.28 0.08 0.62
2863 181.436358 0.80 0.28 0.08 0.64
2864 181.472510 0.82 0.29 0.08 0.65
2865 181.494038 0.83 0.29 0.08 0.66
2866 181.518407 0.84 0.29 0.08 0.67
2867 181.440383 0.80 0.28 0.08 0.64
2868 181.411261 0.78 0.28 0.08 0.63
2869 181.409040 0.78 0.28 0.08 0.63
2870 181.419424 0.79 0.28 0.08 0.63
2871 181.400609 0.78 0.28 0.08 0.63
2872 181.338042 0.74 0.27 0.08 0.61
2873 181.353514 0.75 0.27 0.08 0.61
2874 181.313265 0.73 0.27 0.08 0.60
2875 181.294718 0.72 0.27 0.08 0.59
2876 181.265487 0.70 0.26 0.08 0.58
2877 181.254093 0.70 0.26 0.08 0.58
2878 181.233849 0.69 0.26 0.08 0.57
2879 181.238050 0.69 0.26 0.08 0.57
2880 181.198526 0.67 0.25 0.08 0.56
2881 181.172599 0.65 0.25 0.08 0.55
2882 181.160187 0.64 0.25 0.08 0.55
2883 181.156838 0.64 0.25 0.08 0.55
2884 181.145246 0.64 0.25 0.08 0.54
2885 181.163132 0.65 0.25 0.08 0.55
2886 181.168484 0.65 0.25 0.08 0.55
2887 181.108159 0.62 0.24 0.08 0.53
2888 181.098896 0.61 0.24 0.08 0.53
2889 181.096699 0.61 0.24 0.08 0.53
2890 181.083624 0.60 0.24 0.08 0.52
2891 181.076285 0.60 0.24 0.08 0.52
2892 181.124292 0.62 0.24 0.08 0.54
2893 181.105954 0.61 0.24 0.08 0.53
2894 181.079096 0.60 0.24 0.08 0.52
2895 181.068143 0.59 0.24 0.08 0.52
2896 181.036561 0.58 0.23 0.08 0.51
2897 181.024341 0.57 0.23 0.08 0.50
2898 181.055586 0.59 0.24 0.08 0.51
2899 181.106373 0.61 0.24 0.08 0.53
2900 181.126393 0.63 0.24 0.08 0.54
2901 181.121395 0.62 0.24 0.08 0.54
2902 181.061290 0.59 0.24 0.08 0.52
2903 181.001204 0.56 0.23 0.08 0.50
2904 181.001715 0.56 0.23 0.08 0.50
2905 180.939049 0.52 0.22 0.08 0.48
2906 180.990454 0.55 0.23 0.08 0.49
2907 180.989048 0.55 0.23 0.08 0.49
2908 181.011400 0.56 0.23 0.08 0.50
2909 181.039125 0.58 0.23 0.08 0.51
2910 181.031481 0.57 0.23 0.08 0.51
2911 181.098142 0.61 0.24 0.08 0.53
2912 181.082297 0.60 0.24 0.08 0.52
2913 181.056108 0.59 0.24 0.08 0.51
2914 181.028629 0.57 0.23 0.08 0.50
2915 180.988522 0.55 0.23 0.08 0.49
2916 181.023212 0.57 0.23 0.08 0.50
2917 181.022181 0.57 0.23 0.08 0.50
2918 181.083447 0.60 0.24 0.08 0.52
2919 181.075214 0.60 0.24 0.08 0.52
2920 181.118945 0.62 0.24 0.08 0.53
2921 181.096288 0.61 0.24 0.08 0.53
2922 181.112716 0.62 0.24 0.08 0.53
2923 181.160700 0.64 0.25 0.08 0.55
2924 181.137860 0.63 0.25 0.08 0.54
2925 181.149629 0.64 0.25 0.08 0.54
2926 181.172981 0.65 0.25 0.08 0.55
2927 181.179503 0.66 0.25 0.08 0.55
2928 181.286309 0.71 0.26 0.08 0.59
2929 181.167729 0.65 0.25 0.08 0.55
2930 181.185310 0.66 0.25 0.08 0.56
2931 181.125010 0.63 0.24 0.08 0.54
2932 181.116844 0.62 0.24 0.08 0.53
2933 181.128133 0.63 0.24 0.08 0.54
2934 181.129538 0.63 0.25 0.08 0.54
2935 181.132189 0.63 0.25 0.08 0.54
2936 181.142978 0.63 0.25 0.08 0.54
2937 181.159016 0.64 0.25 0.08 0.55
2938 181.153963 0.64 0.25 0.08 0.55
2939 181.160538 0.64 0.25 0.08 0.55
2940 181.120648 0.62 0.24 0.08 0.54
2941 181.188332 0.66 0.25 0.08 0.56
2942 181.213517 0.67 0.26 0.08 0.57
2943 181.238618 0.69 0.26 0.08 0.57
2944 181.226270 0.68 0.26 0.08 0.57
2945 181.234096 0.69 0.26 0.08 0.57
2946 181.242921 0.69 0.26 0.08 0.58
2947 181.253911 0.70 0.26 0.08 0.58
2948 181.264467 0.70 0.26 0.08 0.58
2949 181.306363 0.73 0.27 0.08 0.60
2950 181.270154 0.71 0.26 0.08 0.58
2951 181.332490 0.74 0.27 0.08 0.61
2952 181.337704 0.74 0.27 0.08 0.61
2953 181.328022 0.74 0.27 0.08 0.60
2954 181.299696 0.72 0.27 0.08 0.59
2955 181.316664 0.73 0.27 0.08 0.60
2956 181.307435 0.73 0.27 0.08 0.60
2957 181.278454 0.71 0.26 0.08 0.59
2958 181.277600 0.71 0.26 0.08 0.59
2959 181.277426 0.71 0.26 0.08 0.59
2960 181.289971 0.72 0.26 0.08 0.59
2961 181.261489 0.70 0.26 0.08 0.58
2962 181.324285 0.74 0.27 0.08 0.60
2963 181.338308 0.74 0.27 0.08 0.61
2964 181.358501 0.75 0.27 0.08 0.61
2965 181.364594 0.76 0.27 0.08 0.62
2966 181.343758 0.75 0.27 0.08 0.61
2967 181.365239 0.76 0.27 0.08 0.62
2968 181.349398 0.75 0.27 0.08 0.61
2969 181.336903 0.74 0.27 0.08 0.61
2970 181.386377 0.77 0.28 0.08 0.62
2971 181.425765 0.79 0.28 0.08 0.64
2972 181.402833 0.78 0.28 0.08 0.63
2973 181.377949 0.77 0.28 0.08 0.62
2974 181.398813 0.78 0.28 0.08 0.63
2975 181.407452 0.78 0.28 0.08 0.63
2976 181.442776 0.80 0.28 0.08 0.64
2977 181.413088 0.79 0.28 0.08 0.63
2978 181.336115 0.74 0.27 0.08 0.61
2979 181.284891 0.71 0.26 0.08 0.59
2980 181.253785 0.70 0.26 0.08 0.58
2981 181.229107 0.68 0.26 0.08 0.57
2982 181.287875 0.72 0.26 0.08 0.59
2983 181.280195 0.71 0.26 0.08 0.59
2984 181.250328 0.69 0.26 0.08 0.58
2985 181.263695 0.70 0.26 0.08 0.58
2986 181.280083 0.71 0.26 0.08 0.59
2987 181.274055 0.71 0.26 0.08 0.59
2988 181.254786 0.70 0.26 0.08 0.58
2989 181.252805 0.70 0.26 0.08 0.58
2990 181.234896 0.69 0.26 0.08 0.57
2991 181.289723 0.72 0.26 0.08 0.59
2992 181.275640 0.71 0.26 0.08 0.59
2993 181.215501 0.68 0.26 0.08 0.57
2994 181.212588 0.67 0.26 0.08 0.57
2995 181.197624 0.67 0.25 0.08 0.56
2996 181.207681 0.67 0.25 0.08 0.56
2997 181.202264 0.67 0.25 0.08 0.56
2998 181.180633 0.66 0.25 0.08 0.56
2999 181.158704 0.64 0.25 0.08 0.55
3000 181.109647 0.62 0.24 0.08 0.53
3001 181.098796 0.61 0.24 0.08 0.53
3002 181.109091 0.62 0.24 0.08 0.53
3003 181.158360 0.64 0.25 0.08 0.55
3004 181.216829 0.68 0.26 0.08 0.57
3005 181.226614 0.68 0.26 0.08 0.57
3006 181.219163 0.68 0.26 0.08 0.57
3007 181.213246 0.67 0.26 0.08 0.57
3008 181.152120 0.64 0.25 0.08 0.55
3009 181.060528 0.59 0.24 0.08 0.52
3010 181.085984 0.60 0.24 0.08 0.52
3011 181.103463 0.61 0.24 0.08 0.53
3012 181.088387 0.60 0.24 0.08 0.52
3013 181.132301 0.63 0.25 0.08 0.54
3014 181.085776 0.60 0.24 0.08 0.52
3015 181.065291 0.59 0.24 0.08 0.52
3016 181.050786 0.58 0.24 0.08 0.51
3017 181.058946 0.59 0.24 0.08 0.51
3018 181.090185 0.61 0.24 0.08 0.53
3019 181.090209 0.61 0.24 0.08 0.53
3020 181.119766 0.62 0.24 0.08 0.54
3021 181.145593 0.64 0.25 0.08 0.54
3022 181.151929 0.64 0.25 0.08 0.55
3023 181.158353 0.64 0.25 0.08 0.55
3024 181.137827 0.63 0.25 0.08 0.54
3025 181.160983 0.64 0.25 0.08 0.55
3026 181.174817 0.65 0.25 0.08 0.55
3027 181.207675 0.67 0.25 0.08 0.56
3028 181.169534 0.65 0.25 0.08 0.55
3029 181.227057 0.68 0.26 0.08 0.57
3030 181.230226 0.68 0.26 0.08 0.57
3031 181.224728 0.68 0.26 0.08 0.57
3032 181.280034 0.71 0.26 0.08 0.59
3033 181.222906 0.68 0.26 0.08 0.57
3034 181.255691 0.70 0.26 0.08 0.58
3035 181.299415 0.72 0.27 0.08 0.59
3036 181.345731 0.75 0.27 0.08 0.61
3037 181.349687 0.75 0.27 0.08 0.61
3038 181.355677 0.75 0.27 0.08 0.61
3039 181.327272 0.74 0.27 0.08 0.60
3040 181.327809 0.74 0.27 0.08 0.60
3041 181.323374 0.74 0.27 0.08 0.60
3042 181.327574 0.74 0.27 0.08 0.60
3043 181.379432 0.77 0.28 0.08 0.62
3044 181.429393 0.79 0.28 0.08 0.64
3045 181.400851 0.78 0.28 0.08 0.63
3046 181.401870 0.78 0.28 0.08 0.63
3047 181.429555 0.79 0.28 0.08 0.64
3048 181.462382 0.81 0.29 0.08 0.65
3049 181.455353 0.81 0.29 0.08 0.65
3050 181.434170 0.80 0.28 0.08 0.64
3051 181.506268 0.84 0.29 0.08 0.66
3052 181.509229 0.84 0.29 0.08 0.66
3053 181.552742 0.86 0.30 0.08 0.68
3054 181.533634 0.85 0.29 0.08 0.67
3055 181.621300 0.90 0.31 0.08 0.70
3056 181.650764 0.92 0.31 0.08 0.71
3057 181.666642 0.93 0.31 0.08 0.72
3058 181.665151 0.93 0.31 0.08 0.72
3059 181.674864 0.93 0.31 0.08 0.72
3060 181.684847 0.94 0.31 0.08 0.72
3061 181.706377 0.95 0.32 0.08 0.73
3062 181.651613 0.92 0.31 0.08 0.71
3063 181.694136 0.94 0.31 0.08 0.73
3064 181.754385 0.97 0.32 0.08 0.75
3065 181.774506 0.99 0.32 0.08 0.75
3066 181.806615 1.00 0.33 0.08 0.76
3067 181.768309 0.98 0.32 0.08 0.75
3068 181.710746 0.95 0.32 0.08 0.73
3069 181.675633 0.93 0.31 0.08 0.72
3070 181.721877 0.96 0.32 0.08 0.73
3071 181.763574 0.98 0.32 0.08 0.75
3072 181.777389 0.99 0.32 0.08 0.75
3073 181.714838 0.95 0.32 0.08 0.73
3074 181.722190 0.96 0.32 0.08 0.73
3075 181.727921 0.96 0.32 0.08 0.74
3076 181.700504 0.94 0.32 0.08 0.73
3077 181.687535 0.94 0.31 0.08 0.72
3078 181.653699 0.92 0.31 0.08 0.71
3079 181.597291 0.89 0.30 0.08 0.69
3080 181.600341 0.89 0.30 0.08 0.69
3081 181.546187 0.86 0.30 0.08 0.68
3082 181.570791 0.87 0.30 0.08 0.68
3083 181.577570 0.88 0.30 0.08 0.69
3084 181.588447 0.88 0.30 0.08 0.69
3085 181.600796 0.89 0.30 0.08 0.69
3086 181.583716 0.88 0.30 0.08 0.69
3087 181.578193 0.88 0.30 0.08 0.69
3088 181.541497 0.86 0.30 0.08 0.67
3089 181.483786 0.82 0.29 0.08 0.66
3090 181.458163 0.81 0.29 0.08 0.65
3091 181.512512 0.84 0.29 0.08 0.67
3092 181.520643 0.84 0.29 0.08 0.67
3093 181.497478 0.83 0.29 0.08 0.66
3094 181.513103 0.84 0.29 0.08 0.67
3095 181.575412 0.88 0.30 0.08 0.69
3096 181.622769 0.90 0.31 0.08 0.70
3097 181.623617 0.90 0.31 0.08 0.70
3098 181.643877 0.91 0.31 0.08 0.71
3099 181.601152 0.89 0.30 0.08 0.69
3100 181.601604 0.89 0.30 0.08 0.69
3101 181.610061 0.89 0.30 0.08 0.70
3102 181.561225 0.87 0.30 0.08 0.68
3103 181.507110 0.84 0.29 0.08 0.66
3104 181.507903 0.84 0.29 0.08 0.66
3105 181.492970 0.83 0.29 0.08 0.66
3106 181.472302 0.82 0.29 0.08 0.65
3107 181.555954 0.86 0.30 0.08 0.68
3108 181.571695 0.87 0.30 0.08 0.68
3109 181.556987 0.86 0.30 0.08 0.68
3110 181.567620 0.87 0.30 0.08 0.68
3111 181.566009 0.87 0.30 0.08 0.68
3112 181.586232 0.88 0.30 0.08 0.69
3113 181.583352 0.88 0.30 0.08 0.69
3114 181.607878 0.89 0.30 0.08 0.70
3115 181.600758 0.89 0.30 0.08 0.69
3116 181.566126 0.87 0.30 0.08 0.68
3117 181.555807 0.86 0.30 0.08 0.68
3118 181.571077 0.87 0.30 0.08 0.68
3119 181.616442 0.90 0.31 0.08 0.70
3120 181.595419 0.89 0.30 0.08 0.69
3121 181.607721 0.89 0.30 0.08 0.70
3122 181.645435 0.91 0.31 0.08 0.71
3123 181.706873 0.95 0.32 0.08 0.73
3124 181.743936 0.97 0.32 0.08 0.74
3125 181.764605 0.98 0.32 0.08 0.75
3126 181.751082 0.97 0.32 0.08 0.74
3127 181.721495 0.96 0.32 0.08 0.73
3128 181.730803 0.96 0.32 0.08 0.74
3129 181.745230 0.97 0.32 0.08 0.74
3130 181.771064 0.98 0.32 0.08 0.75
3131 181.769241 0.98 0.32 0.08 0.75
3132 181.788474 0.99 0.33 0.08 0.76
3133 181.784836 0.99 0.33 0.08 0.76
3134 181.807337 1.00 0.33 0.08 0.76
3135 181.779309 0.99 0.33 0.08 0.75
3136 181.779404 0.99 0.33 0.08 0.75
3137 181.786760 0.99 0.33 0.08 0.76
3138 181.813683 1.01 0.33 0.08 0.76
3139 181.786530 0.99 0.33 0.08 0.76
3140 181.839464 1.02 0.33 0.08 0.77
3141 181.828313 1.02 0.33 0.08 0.77
3142 181.837716 1.02 0.33 0.08 0.77
3143 181.820831 1.01 0.33 0.08 0.77
3144 181.810918 1.01 0.33 0.08 0.76
3145 181.839128 1.02 0.33 0.08 0.77
3146 181.840028 1.02 0.33 0.08 0.77
3147 181.869927 1.04 0.34 0.08 0.78
3148 181.864876 1.04 0.34 0.08 0.78
3149 181.841328 1.02 0.33 0.08 0.77
3150 181.844639 1.02 0.33 0.08 0.78
3151 181.844741 1.02 0.33 0.08 0.78
3152 181.864847 1.04 0.34 0.08 0.78
3153 181.893518 1.05 0.34 0.08 0.79
3154 181.906149 1.06 0.34 0.08 0.80
3155 181.921174 1.07 0.34 0.08 0.80
3156 181.902411 1.06 0.34 0.08 0.79
3157 181.919669 1.07 0.34 0.08 0.80
3158 181.909922 1.06 0.34 0.08 0.80
3159 181.873861 1.04 0.34 0.08 0.78
3160 181.824751 1.01 0.33 0.08 0.77
3161 181.840455 1.02 0.33 0.08 0.77
3162 181.866942 1.04 0.34 0.08 0.78
3163 181.817941 1.01 0.33 0.08 0.77
3164 181.811883 1.01 0.33 0.08 0.76
3165 181.864973 1.04 0.34 0.08 0.78
3166 181.886981 1.05 0.34 0.08 0.79
3167 181.836773 1.02 0.33 0.08 0.77
3168 181.825978 1.01 0.33 0.08 0.77
3169 181.853656 1.03 0.33 0.08 0.78
3170 181.842675 1.02 0.33 0.08 0.77
3171 181.846173 1.03 0.33 0.08 0.78
3172 181.790415 0.99 0.33 0.08 0.76
3173 181.808908 1.00 0.33 0.08 0.76
3174 181.761255 0.98 0.32 0.08 0.75
3175 181.806735 1.00 0.33 0.08 0.76
3176 181.827365 1.02 0.33 0.08 0.77
3177 181.815892 1.01 0.33 0.08 0.77
3178 181.792933 1.00 0.33 0.08 0.76
3179 181.769693 0.98 0.32 0.08 0.75
3180 181.724934 0.96 0.32 0.08 0.74
3181 181.761871 0.98 0.32 0.08 0.75
3182 181.762818 0.98 0.32 0.08 0.75
3183 181.798817 1.00 0.33 0.08 0.76
3184 181.827372 1.02 0.33 0.08 0.77
3185 181.885671 1.05 0.34 0.08 0.79
3186 181.943701 1.08 0.35 0.08 0.81
3187 181.979112 1.10 0.35 0.08 0.82
3188 181.892164 1.05 0.34 0.08 0.79
3189 181.848014 1.03 0.33 0.08 0.78
3190 181.832137 1.02 0.33 0.08 0.77
3191 181.792117 1.00 0.33 0.08 0.76
3192 181.787986 0.99 0.33 0.08 0.76
3193 181.798347 1.00 0.33 0.08 0.76
3194 181.780743 0.99 0.33 0.08 0.75
3195 181.830985 1.02 0.33 0.08 0.77
3196 181.866197 1.04 0.34 0.08 0.78
3197 181.903159 1.06 0.34 0.08 0.79
3198 181.950701 1.08 0.35 0.08 0.81
3199 181.960620 1.09 0.35 0.08 0.81
3200 181.943660 1.08 0.35 0.08 0.81
3201 181.943745 1.08 0.35 0.08 0.81
3202 181.993031 1.11 0.35 0.08 0.82
3203 182.031639 1.13 0.36 0.08 0.84
3204 181.978771 1.10 0.35 0.08 0.82
3205 181.997529 1.11 0.35 0.08 0.83
3206 181.993647 1.11 0.35 0.08 0.82
3207 182.024584 1.12 0.36 0.08 0.83
3208 181.988434 1.10 0.35 0.08 0.82
3209 181.987118 1.10 0.35 0.08 0.82
3210 181.964536 1.09 0.35 0.08 0.81
3211 182.021177 1.12 0.35 0.08 0.83
3212 182.043769 1.14 0.36 0.08 0.84
3213 181.988190 1.10 0.35 0.08 0.82
3214 181.976013 1.10 0.35 0.08 0.82
3215 181.941874 1.08 0.35 0.08 0.81
3216 181.931047 1.07 0.34 0.08 0.80
3217 181.966765 1.09 0.35 0.08 0.82
3218 181.933047 1.07 0.34 0.08 0.80
3219 181.982241 1.10 0.35 0.08 0.82
3220 182.053861 1.14 0.36 0.08 0.84
3221 182.067407 1.15 0.36 0.08 0.85
3222 182.020180 1.12 0.35 0.08 0.83
3223 182.011814 1.12 0.35 0.08 0.83
3224 181.988895 1.10 0.35 0.08 0.82
3225 181.947771 1.08 0.35 0.08 0.81
3226 181.968675 1.09 0.35 0.08 0.82
3227 181.947998 1.08 0.35 0.08 0.81
3228 181.990006 1.11 0.35 0.08 0.82
3229 182.002702 1.11 0.35 0.08 0.83
3230 181.963222 1.09 0.35 0.08 0.81
3231 181.954639 1.09 0.35 0.08 0.81
3232 181.967935 1.09 0.35 0.08 0.82
3233 181.954540 1.09 0.35 0.08 0.81
3234 181.933123 1.07 0.34 0.08 0.80
3235 181.943674 1.08 0.35 0.08 0.81
3236 181.908602 1.06 0.34 0.08 0.80
3237 181.890397 1.05 0.34 0.08 0.79
3238 181.872049 1.04 0.34 0.08 0.78
3239 181.845145 1.03 0.33 0.08 0.78
3240 181.848631 1.03 0.33 0.08 0.78
3241 181.956383 1.09 0.35 0.08 0.81
3242 181.996995 1.11 0.35 0.08 0.83
3243 181.999868 1.11 0.35 0.08 0.83
3244 181.993036 1.11 0.35 0.08 0.82
3245 181.950819 1.08 0.35 0.08 0.81
3246 181.939417 1.08 0.34 0.08 0.81
3247 181.927322 1.07 0.34 0.08 0.80
3248 181.948614 1.08 0.35 0.08 0.81
3249 181.901277 1.06 0.34 0.08 0.79
3250 181.901522 1.06 0.34 0.08 0.79
3251 181.879748 1.04 0.34 0.08 0.79
3252 181.845672 1.03 0.33 0.08 0.78
3253 181.815417 1.01 0.33 0.08 0.77
3254 181.802076 1.00 0.33 0.08 0.76
3255 181.789169 0.99 0.33 0.08 0.76
3256 181.804681 1.00 0.33 0.08 0.76
3257 181.800572 1.00 0.33 0.08 0.76
3258 181.776741 0.99 0.32 0.08 0.75
3259 181.775446 0.99 0.32 0.08 0.75
3260 181.807954 1.00 0.33 0.08 0.76
3261 181.811208 1.01 0.33 0.08 0.76
3262 181.822459 1.01 0.33 0.08 0.77
3263 181.805896 1.00 0.33 0.08 0.76
3264 181.850805 1.03 0.33 0.08 0.78
3265 181.848463 1.03 0.33 0.08 0.78
3266 181.818010 1.01 0.33 0.08 0.77
3267 181.817491 1.01 0.33 0.08 0.77
3268 181.850258 1.03 0.33 0.08 0.78
3269 181.841754 1.02 0.33 0.08 0.77
3270 181.848805 1.03 0.33 0.08 0.78
3271 181.864794 1.04 0.34 0.08 0.78
3272 181.882031 1.05 0.34 0.08 0.79
3273 181.844267 1.02 0.33 0.08 0.77
3274 181.912892 1.06 0.34 0.08 0.80
3275 181.886454 1.05 0.34 0.08 0.79
3276 181.844846 1.02 0.33 0.08 0.78
3277 181.887313 1.05 0.34 0.08 0.79
3278 181.893767 1.05 0.34 0.08 0.79
3279 181.880847 1.04 0.34 0.08 0.79
3280 181.843806 1.02 0.33 0.08 0.77
3281 181.832915 1.02 0.33 0.08 0.77
3282 181.789813 0.99 0.33 0.08 0.76
3283 181.735120 0.96 0.32 0.08 0.74
3284 181.728924 0.96 0.32 0.08 0.74
3285 181.709287 0.95 0.32 0.08 0.73
3286 181.718610 0.95 0.32 0.08 0.73
3287 181.709120 0.95 0.32 0.08 0.73
3288 181.764543 0.98 0.32 0.08 0.75
3289 181.811080 1.01 0.33 0.08 0.76
3290 181.787763 0.99 0.33 0.08 0.76
3291 181.748548 0.97 0.32 0.08 0.74
3292 181.703143 0.95 0.32 0.08 0.73
3293 181.694334 0.94 0.31 0.08 0.73
3294 181.782221 0.99 0.33 0.08 0.75
3295 181.777305 0.99 0.32 0.08 0.75
3296 181.788615 0.99 0.33 0.08 0.76
3297 181.781185 0.99 0.33 0.08 0.75
3298 181.825634 1.01 0.33 0.08 0.77
3299 181.801358 1.00 0.33 0.08 0.76
3300 181.807832 1.00 0.33 0.08 0.76
3301 181.836920 1.02 0.33 0.08 0.77
3302 181.869122 1.04 0.34 0.08 0.78
3303 181.870643 1.04 0.34 0.08 0.78
3304 181.867262 1.04 0.34 0.08 0.78
3305 181.869477 1.04 0.34 0.08 0.78
3306 181.897811 1.05 0.34 0.08 0.79
3307 181.831206 1.02 0.33 0.08 0.77
3308 181.774392 0.99 0.32 0.08 0.75
3309 181.773591 0.99 0.32 0.08 0.75
3310 181.738431 0.97 0.32 0.08 0.74
3311 181.726211 0.96 0.32 0.08 0.74
3312 181.732295 0.96 0.32 0.08 0.74
3313 181.707374 0.95 0.32 0.08 0.73
3314 181.717519 0.95 0.32 0.08 0.73
3315 181.705144 0.95 0.32 0.08 0.73
3316 181.720719 0.96 0.32 0.08 0.73
3317 181.744063 0.97 0.32 0.08 0.74
3318 181.713659 0.95 0.32 0.08 0.73
3319 181.646594 0.91 0.31 0.08 0.71
3320 181.592196 0.88 0.30 0.08 0.69
3321 181.571584 0.87 0.30 0.08 0.68
3322 181.568007 0.87 0.30 0.08 0.68
3323 181.577562 0.88 0.30 0.08 0.69
3324 181.555932 0.86 0.30 0.08 0.68
3325 181.543202 0.86 0.30 0.08 0.68
3326 181.485172 0.83 0.29 0.08 0.66
3327 181.486012 0.83 0.29 0.08 0.66
3328 181.515880 0.84 0.29 0.08 0.67
3329 181.578034 0.88 0.30 0.08 0.69
3330 181.580977 0.88 0.30 0.08 0.69
3331 181.555451 0.86 0.30 0.08 0.68
3332 181.507160 0.84 0.29 0.08 0.66
3333 181.518953 0.84 0.29 0.08 0.67
3334 181.523280 0.85 0.29 0.08 0.67
3335 181.497145 0.83 0.29 0.08 0.66
3336 181.492777 0.83 0.29 0.08 0.66
3337 181.480868 0.82 0.29 0.08 0.65
3338 181.519403 0.84 0.29 0.08 0.67
3339 181.460084 0.81 0.29 0.08 0.65
3340 181.446651 0.80 0.28 0.08 0.64
3341 181.463912 0.81 0.29 0.08 0.65
3342 181.415682 0.79 0.28 0.08 0.63
3343 181.383661 0.77 0.28 0.08 0.62
3344 181.333646 0.74 0.27 0.08 0.61
3345 181.400831 0.78 0.28 0.08 0.63
3346 181.396390 0.78 0.28 0.08 0.63
3347 181.344432 0.75 0.27 0.08 0.61
3348 181.338617 0.74 0.27 0.08 0.61
3349 181.346648 0.75 0.27 0.08 0.61
3350 181.389038 0.77 0.28 0.08 0.62
3351 181.374827 0.76 0.28 0.08 0.62
3352 181.375423 0.76 0.28 0.08 0.62
3353 181.380177 0.77 0.28 0.08 0.62
3354 181.428690 0.79 0.28 0.08 0.64
3355 181.392612 0.77 0.28 0.08 0.63
3356 181.363817 0.76 0.27 0.08 0.62
3357 181.309439 0.73 0.27 0.08 0.60
3358 181.256014 0.70 0.26 0.08 0.58
3359 181.300139 0.72 0.27 0.08 0.59
3360 181.330600 0.74 0.27 0.08 0.60
3361 181.294526 0.72 0.27 0.08 0.59
3362 181.262609 0.70 0.26 0.08 0.58
3363 181.226812 0.68 0.26 0.08 0.57
3364 181.215946 0.68 0.26 0.08 0.57
3365 181.239436 0.69 0.26 0.08 0.57
3366 181.211399 0.67 0.26 0.08 0.57
3367 181.177469 0.65 0.25 0.08 0.55
3368 181.213719 0.67 0.26 0.08 0.57
3369 181.169863 0.65 0.25 0.08 0.55
3370 181.165204 0.65 0.25 0.08 0.55
3371 181.106288 0.61 0.24 0.08 0.53
3372 181.091799 0.61 0.24 0.08 0.53
3373 181.062718 0.59 0.24 0.08 0.52
3374 181.066030 0.59 0.24 0.08 0.52
3375 181.083103 0.60 0.24 0.08 0.52
3376 181.077457 0.60 0.24 0.08 0.52
3377 181.075880 0.60 0.24 0.08 0.52
3378 181.127797 0.63 0.24 0.08 0.54
3379 181.172400 0.65 0.25 0.08 0.55
3380 181.180639 0.66 0.25 0.08 0.56
3381 181.192026 0.66 0.25 0.08 0.56
3382 181.231138 0.68 0.26 0.08 0.57
3383 181.250395 0.69 0.26 0.08 0.58
3384 181.213292 0.67 0.26 0.08 0.57
3385 181.198651 0.67 0.25 0.08 0.56
3386 181.168727 0.65 0.25 0.08 0.55
3387 181.190006 0.66 0.25 0.08 0.56
3388 181.196452 0.66 0.25 0.08 0.56
3389 181.170091 0.65 0.25 0.08 0.55
3390 181.176669 0.65 0.25 0.08 0.55
3391 181.194534 0.66 0.25 0.08 0.56
3392 181.154545 0.64 0.25 0.08 0.55
3393 181.151235 0.64 0.25 0.08 0.55
3394 181.102133 0.61 0.24 0.08 0.53
3395 181.063684 0.59 0.24 0.08 0.52
3396 181.097379 0.61 0.24 0.08 0.53
3397 181.074620 0.60 0.24 0.08 0.52
3398 181.074658 0.60 0.24 0.08 0.52
3399 181.113196 0.62 0.24 0.08 0.53
3400 181.073923 0.60 0.24 0.08 0.52
3401 181.050149 0.58 0.24 0.08 0.51
3402 181.030618 0.57 0.23 0.08 0.51
3403 180.945447 0.53 0.22 0.08 0.48
3404 180.914552 0.51 0.22 0.08 0.47
3405 180.793935 0.44 0.20 0.08 0.43
3406 180.798992 0.44 0.20 0.08 0.43
3407 180.817283 0.45 0.21 0.08 0.43
3408 180.834023 0.46 0.21 0.08 0.44
3409 180.864008 0.48 0.21 0.08 0.45
3410 180.846931 0.47 0.21 0.08 0.44
3411 180.879567 0.49 0.21 0.08 0.46
3412 180.917130 0.51 0.22 0.08 0.47
3413 180.898733 0.50 0.22 0.08 0.46
3414 180.959351 0.53 0.22 0.08 0.48
3415 180.941952 0.52 0.22 0.08 0.48
3416 180.903360 0.50 0.22 0.08 0.46
3417 180.908533 0.50 0.22 0.08 0.47
3418 180.904917 0.50 0.22 0.08 0.46
3419 180.923959 0.51 0.22 0.08 0.47
3420 180.906543 0.50 0.22 0.08 0.46
3421 180.915287 0.51 0.22 0.08 0.47
3422 180.987913 0.55 0.23 0.08 0.49
3423 180.956024 0.53 0.22 0.08 0.48
3424 180.964534 0.54 0.22 0.08 0.48
3425 180.985931 0.55 0.23 0.08 0.49
3426 180.981815 0.55 0.23 0.08 0.49
3427 181.012607 0.56 0.23 0.08 0.50
3428 181.027351 0.57 0.23 0.08 0.50
3429 181.004337 0.56 0.23 0.08 0.50
3430 181.006232 0.56 0.23 0.08 0.50
3431 180.952677 0.53 0.22 0.08 0.48
3432 181.000625 0.56 0.23 0.08 0.50
3433 181.018134 0.57 0.23 0.08 0.50
3434 180.985144 0.55 0.23 0.08 0.49
3435 180.988335 0.55 0.23 0.08 0.49
3436 180.998623 0.55 0.23 0.08 0.50
3437 181.030520 0.57 0.23 0.08 0.51
3438 181.067218 0.59 0.24 0.08 0.52
3439 181.001901 0.56 0.23 0.08 0.50
3440 180.962516 0.53 0.22 0.08 0.48
3441 180.953541 0.53 0.22 0.08 0.48
3442 180.964697 0.54 0.22 0.08 0.48
3443 181.015592 0.56 0.23 0.08 0.50
3444 180.929714 0.52 0.22 0.08 0.47
3445 180.901514 0.50 0.22 0.08 0.46
3446 180.965809 0.54 0.22 0.08 0.48
3447 180.964619 0.54 0.22 0.08 0.48
3448 180.912042 0.51 0.22 0.08 0.47
3449 180.941616 0.52 0.22 0.08 0.48
3450 180.895195 0.50 0.22 0.08 0.46
3451 180.896408 0.50 0.22 0.08 0.46
3452 180.863534 0.48 0.21 0.08 0.45
3453 180.845555 0.47 0.21 0.08 0.44
3454 180.853549 0.47 0.21 0.08 0.45
3455 180.862799 0.48 0.21 0.08 0.45
3456 180.787895 0.44 0.20 0.08 0.43
3457 180.813188 0.45 0.21 0.08 0.43
3458 180.808165 0.45 0.21 0.08 0.43
3459 180.783458 0.44 0.20 0.08 0.42
3460 180.786616 0.44 0.20 0.08 0.42
3461 180.866684 0.48 0.21 0.08 0.45
3462 180.880734 0.49 0.21 0.08 0.46
3463 180.843873 0.47 0.21 0.08 0.44
3464 180.884563 0.49 0.21 0.08 0.46
3465 180.871034 0.48 0.21 0.08 0.45
3466 180.868473 0.48 0.21 0.08 0.45
3467 180.902657 0.50 0.22 0.08 0.46
3468 180.884077 0.49 0.21 0.08 0.46
3469 180.899196 0.50 0.22 0.08 0.46
3470 180.974792 0.54 0.23 0.08 0.49
3471 180.892427 0.50 0.22 0.08 0.46
3472 180.866631 0.48 0.21 0.08 0.45
3473 180.875013 0.49 0.21 0.08 0.45
3474 180.899600 0.50 0.22 0.08 0.46
3475 180.922025 0.51 0.22 0.08 0.47
3476 180.887844 0.49 0.22 0.08 0.46
3477 180.916717 0.51 0.22 0.08 0.47
3478 180.952464 0.53 0.22 0.08 0.48
3479 180.977693 0.54 0.23 0.08 0.49
3480 180.956848 0.53 0.22 0.08 0.48
3481 181.008957 0.56 0.23 0.08 0.50
3482 180.932639 0.52 0.22 0.08 0.47
3483 180.926637 0.51 0.22 0.08 0.47
3484 180.924665 0.51 0.22 0.08 0.47
3485 180.874911 0.49 0.21 0.08 0.45
3486 180.908532 0.50 0.22 0.08 0.47
3487 180.843932 0.47 0.21 0.08 0.44
3488 180.825690 0.46 0.21 0.08 0.44
3489 180.852506 0.47 0.21 0.08 0.45
3490 180.843507 0.47 0.21 0.08 0.44
3491 180.841513 0.47 0.21 0.08 0.44
3492 180.838128 0.47 0.21 0.08 0.44
3493 180.805365 0.45 0.21 0.08 0.43
3494 180.766180 0.43 0.20 0.08 0.42
3495 180.751441 0.42 0.20 0.08 0.41
3496 180.725881 0.40 0.20 0.08 0.40
3497 180.734562 0.41 0.20 0.08 0.41
3498 180.738851 0.41 0.20 0.08 0.41
3499 180.660342 0.37 0.19 0.08 0.38
3500 180.719212 0.40 0.19 0.08 0.40
3501 180.729285 0.41 0.20 0.08 0.41
3502 180.694281 0.39 0.19 0.08 0.39
3503 180.671290 0.37 0.19 0.08 0.39
3504 180.675024 0.38 0.19 0.08 0.39
3505 180.693690 0.39 0.19 0.08 0.39
3506 180.735927 0.41 0.20 0.08 0.41
3507 180.691296 0.38 0.19 0.08 0.39
3508 180.662383 0.37 0.19 0.08 0.38
3509 180.735195 0.41 0.20 0.08 0.41
3510 180.714285 0.40 0.19 0.08 0.40
3511 180.682166 0.38 0.19 0.08 0.39
3512 180.666877 0.37 0.19 0.08 0.39
3513 180.657615 0.37 0.19 0.08 0.38
3514 180.641862 0.36 0.19 0.08 0.38
3515 180.699109 0.39 0.19 0.08 0.40
3516 180.748117 0.42 0.20 0.08 0.41
3517 180.717934 0.40 0.19 0.08 0.40
3518 180.692151 0.38 0.19 0.08 0.39
3519 180.687387 0.38 0.19 0.08 0.39
3520 180.639903 0.36 0.18 0.08 0.38
3521 180.659754 0.37 0.19 0.08 0.38
3522 180.681257 0.38 0.19 0.08 0.39
3523 180.625434 0.35 0.18 0.08 0.37
3524 180.552976 0.31 0.17 0.08 0.35
3525 180.587268 0.33 0.18 0.08 0.36
3526 180.582242 0.32 0.18 0.08 0.36
3527 180.574971 0.32 0.18 0.08 0.35
3528 180.578501 0.32 0.18 0.08 0.36
3529 180.613775 0.34 0.18 0.08 0.37
3530 180.626767 0.35 0.18 0.08 0.37
3531 180.658453 0.37 0.19 0.08 0.38
3532 180.621410 0.35 0.18 0.08 0.37
3533 180.671265 0.37 0.19 0.08 0.39
3534 180.673314 0.37 0.19 0.08 0.39
3535 180.662476 0.37 0.19 0.08 0.38
3536 180.655313 0.36 0.19 0.08 0.38
3537 180.645714 0.36 0.19 0.08 0.38
3538 180.666970 0.37 0.19 0.08 0.39
3539 180.615608 0.34 0.18 0.08 0.37
3540 180.607225 0.34 0.18 0.08 0.37
3541 180.587834 0.33 0.18 0.08 0.36
3542 180.551114 0.31 0.17 0.08 0.35
3543 180.531370 0.30 0.17 0.08 0.34
3544 180.543637 0.30 0.17 0.08 0.34
3545 180.569090 0.32 0.18 0.08 0.35
3546 180.559938 0.31 0.18 0.08 0.35
3547 180.588443 0.33 0.18 0.08 0.36
3548 180.565082 0.31 0.18 0.08 0.35
3549 180.552397 0.31 0.17 0.08 0.35
3550 180.547410 0.30 0.17 0.08 0.35
3551 180.586978 0.33 0.18 0.08 0.36
3552 180.595359 0.33 0.18 0.08 0.36
3553 180.552292 0.31 0.17 0.08 0.35
3554 180.615405 0.34 0.18 0.08 0.37
3555 180.680758 0.38 0.19 0.08 0.39
3556 180.720490 0.40 0.19 0.08 0.40
3557 180.707794 0.39 0.19 0.08 0.40
3558 180.708507 0.39 0.19 0.08 0.40
3559 180.766197 0.43 0.20 0.08 0.42
3560 180.758292 0.42 0.20 0.08 0.42
3561 180.758814 0.42 0.20 0.08 0.42
3562 180.754630 0.42 0.20 0.08 0.41
3563 180.806523 0.45 0.21 0.08 0.43
3564 180.839941 0.47 0.21 0.08 0.44
3565 180.867413 0.48 0.21 0.08 0.45
3566 180.852640 0.47 0.21 0.08 0.45
3567 180.801093 0.45 0.20 0.08 0.43
3568 180.837870 0.47 0.21 0.08 0.44
3569 180.848547 0.47 0.21 0.08 0.45
3570 180.855804 0.48 0.21 0.08 0.45
3571 180.819032 0.46 0.21 0.08 0.44
3572 180.760092 0.42 0.20 0.08 0.42
3573 180.813851 0.45 0.21 0.08 0.43
3574 180.812553 0.45 0.21 0.08 0.43
3575 180.834766 0.46 0.21 0.08 0.44
3576 180.830769 0.46 0.21 0.08 0.44
3577 180.830319 0.46 0.21 0.08 0.44
3578 180.807428 0.45 0.21 0.08 0.43
3579 180.808080 0.45 0.21 0.08 0.43
3580 180.806623 0.45 0.21 0.08 0.43
3581 180.785913 0.44 0.20 0.08 0.42
3582 180.752814 0.42 0.20 0.08 0.41
3583 180.736105 0.41 0.20 0.08 0.41
3584 180.756569 0.42 0.20 0.08 0.41
3585 180.747338 0.42 0.20 0.08 0.41
3586 180.702892 0.39 0.19 0.08 0.40
3587 180.678408 0.38 0.19 0.08 0.39
3588 180.644015 0.36 0.19 0.08 0.38
3589 180.663953 0.37 0.19 0.08 0.38
3590 180.734279 0.41 0.20 0.08 0.41
3591 180.729992 0.41 0.20 0.08 0.41
3592 180.771930 0.43 0.20 0.08 0.42
3593 180.739512 0.41 0.20 0.08 0.41
3594 180.747102 0.42 0.20 0.08 0.41
3595 180.768533 0.43 0.20 0.08 0.42
3596 180.713518 0.40 0.19 0.08 0.40
3597 180.697689 0.39 0.19 0.08 0.40
3598 180.703454 0.39 0.19 0.08 0.40
3599 180.710901 0.39 0.19 0.08 0.40
3600 180.716594 0.40 0.19 0.08 0.40
3601 180.742986 0.41 0.20 0.08 0.41
3602 180.785138 0.44 0.20 0.08 0.42
3603 180.821945 0.46 0.21 0.08 0.44
3604 180.825959 0.46 0.21 0.08 0.44
3605 180.795574 0.44 0.20 0.08 0.43
3606 180.765286 0.43 0.20 0.08 0.42
3607 180.743068 0.41 0.20 0.08 0.41
3608 180.696174 0.39 0.19 0.08 0.39
3609 180.685461 0.38 0.19 0.08 0.39
3610 180.660135 0.37 0.19 0.08 0.38
3611 180.698071 0.39 0.19 0.08 0.40
3612 180.767907 0.43 0.20 0.08 0.42
3613 180.706595 0.39 0.19 0.08 0.40
3614 180.669769 0.37 0.19 0.08 0.39
3615 180.677299 0.38 0.19 0.08 0.39
3616 180.703540 0.39 0.19 0.08 0.40
3617 180.694936 0.39 0.19 0.08 0.39
3618 180.695679 0.39 0.19 0.08 0.39
3619 180.662863 0.37 0.19 0.08 0.38
3620 180.611701 0.34 0.18 0.08 0.37
3621 180.629975 0.35 0.18 0.08 0.37
3622 180.647478 0.36 0.19 0.08 0.38
3623 180.650942 0.36 0.19 0.08 0.38
3624 180.625791 0.35 0.18 0.08 0.37
3625 180.597799 0.33 0.18 0.08 0.36
3626 180.576904 0.32 0.18 0.08 0.36
3627 180.512648 0.28 0.17 0.08 0.33
3628 180.471378 0.26 0.16 0.08 0.32
3629 180.500933 0.28 0.17 0.08 0.33
3630 180.485936 0.27 0.17 0.08 0.33
3631 180.501135 0.28 0.17 0.08 0.33
3632 180.425717 0.24 0.16 0.08 0.31
3633 180.440995 0.24 0.16 0.08 0.31
3634 180.400719 0.22 0.16 0.08 0.30
3635 180.345328 0.19 0.15 0.08 0.28
3636 180.328116 0.18 0.15 0.08 0.27
3637 180.237560 0.13 0.14 0.08 0.24
3638 180.294999 0.16 0.14 0.08 0.26
3639 180.296227 0.16 0.14 0.08 0.26
3640 180.257081 0.14 0.14 0.08 0.25
3641 180.191452 0.11 0.13 0.08 0.23
3642 180.197226 0.11 0.13 0.08 0.23
3643 180.181790 0.10 0.13 0.08 0.22
3644 180.233974 0.13 0.13 0.08 0.24
3645 180.238181 0.13 0.14 0.08 0.24
3646 180.206279 0.11 0.13 0.08 0.23
3647 180.211173 0.12 0.13 0.08 0.23
3648 180.137537 0.08 0.12 0.08 0.21
3649 180.199822 0.11 0.13 0.08 0.23
3650 180.198340 0.11 0.13 0.08 0.23
3651 180.181534 0.10 0.13 0.08 0.22
3652 180.206084 0.11 0.13 0.08 0.23
3653 180.243218 0.14 0.14 0.08 0.24
3654 180.298331 0.17 0.14 0.08 0.26
3655 180.305555 0.17 0.14 0.08 0.27
3656 180.253954 0.14 0.14 0.08 0.25
3657 180.299078 0.17 0.14 0.08 0.26
3658 180.309341 0.17 0.14 0.08 0.27
3659 180.308575 0.17 0.14 0.08 0.27
3660 180.315763 0.18 0.15 0.08 0.27
3661 180.311981 0.17 0.14 0.08 0.27
3662 180.338459 0.19 0.15 0.08 0.28
3663 180.384696 0.21 0.15 0.08 0.29
3664 180.359501 0.20 0.15 0.08 0.28
3665 180.339291 0.19 0.15 0.08 0.28
3666 180.332104 0.18 0.15 0.08 0.27
3667 180.284701 0.16 0.14 0.08 0.26
3668 180.283868 0.16 0.14 0.08 0.26
3669 180.283269 0.16 0.14 0.08 0.26
3670 180.274716 0.15 0.14 0.08 0.26
3671 180.284089 0.16 0.14 0.08 0.26
3672 180.296245 0.16 0.14 0.08 0.26
3673 180.275789 0.15 0.14 0.08 0.26
3674 180.227605 0.13 0.13 0.08 0.24
3675 180.295319 0.16 0.14 0.08 0.26
3676 180.250011 0.14 0.14 0.08 0.25
3677 180.209879 0.12 0.13 0.08 0.23
3678 180.180584 0.10 0.13 0.08 0.22
3679 180.151883 0.08 0.12 0.08 0.21
3680 180.151292 0.08 0.12 0.08 0.21
3681 180.152904 0.08 0.13 0.08 0.22
3682 180.181021 0.10 0.13 0.08 0.22
3683 180.205925 0.11 0.13 0.08 0.23
3684 180.243367 0.14 0.14 0.08 0.25
3685 180.311918 0.17 0.14 0.08 0.27
3686 180.338202 0.19 0.15 0.08 0.28
3687 180.359850 0.20 0.15 0.08 0.28
3688 180.307071 0.17 0.14 0.08 0.27
3689 180.398508 0.22 0.16 0.08 0.30
3690 180.406259 0.23 0.16 0.08 0.30
3691 180.354035 0.20 0.15 0.08 0.28
3692 180.364155 0.20 0.15 0.08 0.28
3693 180.351050 0.20 0.15 0.08 0.28
3694 180.367538 0.20 0.15 0.08 0.29
3695 180.317319 0.18 0.15 0.08 0.27
3696 180.320350 0.18 0.15 0.08 0.27
3697 180.319167 0.18 0.15 0.08 0.27
3698 180.330954 0.18 0.15 0.08 0.27
3699 180.356222 0.20 0.15 0.08 0.28
3700 180.354681 0.20 0.15 0.08 0.28
3701 180.363731 0.20 0.15 0.08 0.28
3702 180.421925 0.23 0.16 0.08 0.30
3703 180.460834 0.26 0.16 0.08 0.32
3704 180.430579 0.24 0.16 0.08 0.31
3705 180.434350 0.24 0.16 0.08 0.31
3706 180.486003 0.27 0.17 0.08 0.33
3707 180.461961 0.26 0.16 0.08 0.32
3708 180.451225 0.25 0.16 0.08 0.31
3709 180.425443 0.24 0.16 0.08 0.31
3710 180.373130 0.21 0.15 0.08 0.29
3711 180.395295 0.22 0.15 0.08 0.30
3712 180.393422 0.22 0.15 0.08 0.29
3713 180.435737 0.24 0.16 0.08 0.31
3714 180.469494 0.26 0.16 0.08 0.32
3715 180.465100 0.26 0.16 0.08 0.32
3716 180.448971 0.25 0.16 0.08 0.31
3717 180.436507 0.24 0.16 0.08 0.31
3718 180.465401 0.26 0.16 0.08 0.32
3719 180.455638 0.25 0.16 0.08 0.32
3720 180.474939 0.26 0.16 0.08 0.32
3721 180.504614 0.28 0.17 0.08 0.33
3722 180.502125 0.28 0.17 0.08 0.33
3723 180.523358 0.29 0.17 0.08 0.34
3724 180.476887 0.26 0.16 0.08 0.32
3725 180.495193 0.28 0.17 0.08 0.33
3726 180.550092 0.31 0.17 0.08 0.35
3727 180.567611 0.32 0.18 0.08 0.35
3728 180.557433 0.31 0.17 0.08 0.35
3729 180.620501 0.34 0.18 0.08 0.37
3730 180.591677 0.33 0.18 0.08 0.36
3731 180.630732 0.35 0.18 0.08 0.37
3732 180.647200 0.36 0.19 0.08 0.38
3733 180.663140 0.37 0.19 0.08 0.38
3734 180.678447 0.38 0.19 0.08 0.39
3735 180.687151 0.38 0.19 0.08 0.39
3736 180.643878 0.36 0.19 0.08 0.38
3737 180.635456 0.35 0.18 0.08 0.37
3738 180.685420 0.38 0.19 0.08 0.39
3739 180.690694 0.38 0.19 0.08 0.39
3740 180.681843 0.38 0.19 0.08 0.39
3741 180.631273 0.35 0.18 0.08 0.37
3742 180.663792 0.37 0.19 0.08 0.38
3743 180.650800 0.36 0.19 0.08 0.38
3744 180.642978 0.36 0.19 0.08 0.38
3745 180.666818 0.37 0.19 0.08 0.39
3746 180.699966 0.39 0.19 0.08 0.40
3747 180.680662 0.38 0.19 0.08 0.39
3748 180.697843 0.39 0.19 0.08 0.40
3749 180.707156 0.39 0.19 0.08 0.40
3750 180.696867 0.39 0.19 0.08 0.40
3751 180.672360 0.37 0.19 0.08 0.39
3752 180.691993 0.38 0.19 0.08 0.39
3753 180.697285 0.39 0.19 0.08 0.40
3754 180.711306 0.40 0.19 0.08 0.40
3755 180.744484 0.41 0.20 0.08 0.41
3756 180.680761 0.38 0.19 0.08 0.39
3757 180.713873 0.40 0.19 0.08 0.40
3758 180.747882 0.42 0.20 0.08 0.41
3759 180.831652 0.46 0.21 0.08 0.44
3760 180.852540 0.47 0.21 0.08 0.45
3761 180.840554 0.47 0.21 0.08 0.44
3762 180.912066 0.51 0.22 0.08 0.47
3763 180.949004 0.53 0.22 0.08 0.48
3764 180.965338 0.54 0.22 0.08 0.48
3765 180.965868 0.54 0.22 0.08 0.48
3766 180.962883 0.53 0.22 0.08 0.48
3767 180.934211 0.52 0.22 0.08 0.47
3768 180.886056 0.49 0.22 0.08 0.46
3769 180.913263 0.51 0.22 0.08 0.47
3770 180.885381 0.49 0.22 0.08 0.46
3771 180.872368 0.48 0.21 0.08 0.45
3772 180.854517 0.47 0.21 0.08 0.45
3773 180.774277 0.43 0.20 0.08 0.42
3774 180.757550 0.42 0.20 0.08 0.42
3775 180.731607 0.41 0.20 0.08 0.41
3776 180.761229 0.42 0.20 0.08 0.42
3777 180.759739 0.42 0.20 0.08 0.42
3778 180.813204 0.45 0.21 0.08 0.43
3779 180.817690 0.45 0.21 0.08 0.44
3780 180.811424 0.45 0.21 0.08 0.43
3781 180.785261 0.44 0.20 0.08 0.42
3782 180.819982 0.46 0.21 0.08 0.44
3783 180.814647 0.45 0.21 0.08 0.43
3784 180.782659 0.43 0.20 0.08 0.42
3785 180.727669 0.40 0.20 0.08 0.41
3786 180.723556 0.40 0.20 0.08 0.40
3787 180.659909 0.37 0.19 0.08 0.38
3788 180.702993 0.39 0.19 0.08 0.40
3789 180.716768 0.40 0.19 0.08 0.40
3790 180.798510 0.44 0.20 0.08 0.43
3791 180.795508 0.44 0.20 0.08 0.43
3792 180.786737 0.44 0.20 0.08 0.42
3793 180.770097 0.43 0.20 0.08 0.42
3794 180.735224 0.41 0.20 0.08 0.41
3795 180.642861 0.36 0.19 0.08 0.38
3796 180.622911 0.35 0.18 0.08 0.37
3797 180.692739 0.38 0.19 0.08 0.39
3798 180.722853 0.40 0.20 0.08 0.40
3799 180.712613 0.40 0.19 0.08 0.40
3800 180.728514 0.40 0.20 0.08 0.41
3801 180.736542 0.41 0.20 0.08 0.41
3802 180.810708 0.45 0.21 0.08 0.43
3803 180.835749 0.46 0.21 0.08 0.44
3804 180.861218 0.48 0.21 0.08 0.45
3805 180.901125 0.50 0.22 0.08 0.46
3806 180.850464 0.47 0.21 0.08 0.45
3807 180.803180 0.45 0.20 0.08 0.43
3808 180.774720 0.43 0.20 0.08 0.42
3809 180.798711 0.44 0.20 0.08 0.43
3810 180.829728 0.46 0.21 0.08 0.44
3811 180.791714 0.44 0.20 0.08 0.43
3812 180.815298 0.45 0.21 0.08 0.43
3813 180.838731 0.47 0.21 0.08 0.44
3814 180.877261 0.49 0.21 0.08 0.45
3815 180.868779 0.48 0.21 0.08 0.45
3816 180.877340 0.49 0.21 0.08 0.45
3817 180.913043 0.51 0.22 0.08 0.47
3818 180.895522 0.50 0.22 0.08 0.46
3819 180.873881 0.49 0.21 0.08 0.45
3820 180.954995 0.53 0.22 0.08 0.48
3821 180.987729 0.55 0.23 0.08 0.49
3822 180.984538 0.55 0.23 0.08 0.49
3823 180.926513 0.51 0.22 0.08 0.47
3824 180.930489 0.52 0.22 0.08 0.47
3825 180.924943 0.51 0.22 0.08 0.47
3826 180.936403 0.52 0.22 0.08 0.47
3827 180.939274 0.52 0.22 0.08 0.48
3828 180.952417 0.53 0.22 0.08 0.48
3829 180.936263 0.52 0.22 0.08 0.47
3830 180.976713 0.54 0.23 0.08 0.49
3831 181.017547 0.57 0.23 0.08 0.50
3832 181.059576 0.59 0.24 0.08 0.52
3833 181.040178 0.58 0.23 0.08 0.51
3834 181.026345 0.57 0.23 0.08 0.50
3835 181.033210 0.57 0.23 0.08 0.51
3836 181.081429 0.60 0.24 0.08 0.52
3837 181.097019 0.61 0.24 0.08 0.53
3838 181.058191 0.59 0.24 0.08 0.51
3839 181.113853 0.62 0.24 0.08 0.53
3840 181.174409 0.65 0.25 0.08 0.55
3841 181.192588 0.66 0.25 0.08 0.56
3842 181.164822 0.65 0.25 0.08 0.55
3843 181.157517 0.64 0.25 0.08 0.55
3844 181.096041 0.61 0.24 0.08 0.53
3845 181.123167 0.62 0.24 0.08 0.54
3846 181.104481 0.61 0.24 0.08 0.53
3847 181.154794 0.64 0.25 0.08 0.55
3848 181.125617 0.63 0.24 0.08 0.54
3849 181.159705 0.64 0.25 0.08 0.55
3850 181.178061 0.65 0.25 0.08 0.55
3851 181.192306 0.66 0.25 0.08 0.56
3852 181.174348 0.65 0.25 0.08 0.55
3853 181.115050 0.62 0.24 0.08 0.53
3854 181.147698 0.64 0.25 0.08 0.54
3855 181.260907 0.70 0.26 0.08 0.58
3856 181.259783 0.70 0.26 0.08 0.58
3857 181.322469 0.73 0.27 0.08 0.60
3858 181.244997 0.69 0.26 0.08 0.58
3859 181.268325 0.70 0.26 0.08 0.58
3860 181.279386 0.71 0.26 0.08 0.59
3861 181.284398 0.71 0.26 0.08 0.59
3862 181.303639 0.72 0.27 0.08 0.60
3863 181.337373 0.74 0.27 0.08 0.61
3864 181.368888 0.76 0.27 0.08 0.62
3865 181.351572 0.75 0.27 0.08 0.61
3866 181.417947 0.79 0.28 0.08 0.63
3867 181.518039 0.84 0.29 0.08 0.67
3868 181.551829 0.86 0.30 0.08 0.68
3869 181.520064 0.84 0.29 0.08 0.67
3870 181.553002 0.86 0.30 0.08 0.68
3871 181.516296 0.84 0.29 0.08 0.67
3872 181.532424 0.85 0.29 0.08 0.67
3873 181.534710 0.85 0.29 0.08 0.67
3874 181.520691 0.84 0.29 0.08 0.67
3875 181.502128 0.83 0.29 0.08 0.66
3876 181.499353 0.83 0.29 0.08 0.66
3877 181.544296 0.86 0.30 0.08 0.68
3878 181.580120 0.88 0.30 0.08 0.69
3879 181.628905 0.90 0.31 0.08 0.70
3880 181.620444 0.90 0.31 0.08 0.70
3881 181.647525 0.92 0.31 0.08 0.71
3882 181.670048 0.93 0.31 0.08 0.72
3883 181.635845 0.91 0.31 0.08 0.71
3884 181.630024 0.91 0.31 0.08 0.70
3885 181.599664 0.89 0.30 0.08 0.69
3886 181.567956 0.87 0.30 0.08 0.68
3887 181.516864 0.84 0.29 0.08 0.67
3888 181.545001 0.86 0.30 0.08 0.68
3889 181.616699 0.90 0.31 0.08 0.70
3890 181.627414 0.90 0.31 0.08 0.70
3891 181.555048 0.86 0.30 0.08 0.68
3892 181.560859 0.87 0.30 0.08 0.68
3893 181.538454 0.85 0.30 0.08 0.67
3894 181.450382 0.81 0.28 0.08 0.64
3895 181.465150 0.81 0.29 0.08 0.65
3896 181.429644 0.79 0.28 0.08 0.64
3897 181.435790 0.80 0.28 0.08 0.64
3898 181.443787 0.80 0.28 0.08 0.64
3899 181.471419 0.82 0.29 0.08 0.65
3900 181.449644 0.81 0.28 0.08 0.64
3901 181.421869 0.79 0.28 0.08 0.64
3902 181.418866 0.79 0.28 0.08 0.63
3903 181.408903 0.78 0.28 0.08 0.63
3904 181.438242 0.80 0.28 0.08 0.64
3905 181.408243 0.78 0.28 0.08 0.63
3906 181.404878 0.78 0.28 0.08 0.63
3907 181.439656 0.80 0.28 0.08 0.64
3908 181.426334 0.79 0.28 0.08 0.64
3909 181.352784 0.75 0.27 0.08 0.61
3910 181.403704 0.78 0.28 0.08 0.63
3911 181.468332 0.82 0.29 0.08 0.65
3912 181.462462 0.81 0.29 0.08 0.65
3913 181.444121 0.80 0.28 0.08 0.64
3914 181.485291 0.83 0.29 0.08 0.66
3915 181.503901 0.84 0.29 0.08 0.66
3916 181.485895 0.83 0.29 0.08 0.66
3917 181.509027 0.84 0.29 0.08 0.66
3918 181.547878 0.86 0.30 0.08 0.68
3919 181.513909 0.84 0.29 0.08 0.67
3920 181.485501 0.83 0.29 0.08 0.66
3921 181.491167 0.83 0.29 0.08 0.66
3922 181.462849 0.81 0.29 0.08 0.65
3923 181.509451 0.84 0.29 0.08 0.66
3924 181.466419 0.81 0.29 0.08 0.65
3925 181.499383 0.83 0.29 0.08 0.66
3926 181.522152 0.85 0.29 0.08 0.67
3927 181.513829 0.84 0.29 0.08 0.67
3928 181.439748 0.80 0.28 0.08 0.64
3929 181.430088 0.79 0.28 0.08 0.64
3930 181.446929 0.80 0.28 0.08 0.64
3931 181.450652 0.81 0.28 0.08 0.64
3932 181.474954 0.82 0.29 0.08 0.65
3933 181.434815 0.80 0.28 0.08 0.64
3934 181.462604 0.81 0.29 0.08 0.65
3935 181.437580 0.80 0.28 0.08 0.64
3936 181.406346 0.78 0.28 0.08 0.63
3937 181.360095 0.76 0.27 0.08 0.61
3938 181.395207 0.78 0.28 0.08 0.63
3939 181.391551 0.77 0.28 0.08 0.63
3940 181.339737 0.74 0.27 0.08 0.61
3941 181.360968 0.76 0.27 0.08 0.61
3942 181.291752 0.72 0.27 0.08 0.59
3943 181.318776 0.73 0.27 0.08 0.60
3944 181.319065 0.73 0.27 0.08 0.60
3945 181.295394 0.72 0.27 0.08 0.59
3946 181.265046 0.70 0.26 0.08 0.58
3947 181.266472 0.70 0.26 0.08 0.58
3948 181.212783 0.67 0.26 0.08 0.57
3949 181.283449 0.71 0.26 0.08 0.59
3950 181.317493 0.73 0.27 0.08 0.60
3951 181.366162 0.76 0.27 0.08 0.62
3952 181.339647 0.74 0.27 0.08 0.61
3953 181.360459 0.76 0.27 0.08 0.61
3954 181.411333 0.78 0.28 0.08 0.63
3955 181.405486 0.78 0.28 0.08 0.63
3956 181.405965 0.78 0.28 0.08 0.63
3957 181.383415 0.77 0.28 0.08 0.62
3958 181.435986 0.80 0.28 0.08 0.64
3959 181.429361 0.79 0.28 0.08 0.64
3960 181.376556 0.76 0.28 0.08 0.62
3961 181.378008 0.77 0.28 0.08 0.62
3962 181.363304 0.76 0.27 0.08 0.62
3963 181.351414 0.75 0.27 0.08 0.61
3964 181.331408 0.74 0.27 0.08 0.61
3965 181.337687 0.74 0.27 0.08 0.61
3966 181.383401 0.77 0.28 0.08 0.62
3967 181.362442 0.76 0.27 0.08 0.62
3968 181.430896 0.79 0.28 0.08 0.64
3969 181.396411 0.78 0.28 0.08 0.63
3970 181.416653 0.79 0.28 0.08 0.63
3971 181.399820 0.78 0.28 0.08 0.63
3972 181.364581 0.76 0.27 0.08 0.62
3973 181.358155 0.75 0.27 0.08 0.61
3974 181.332503 0.74 0.27 0.08 0.61
3975 181.267188 0.70 0.26 0.08 0.58
3976 181.273167 0.71 0.26 0.08 0.59
3977 181.279829 0.71 0.26 0.08 0.59
3978 181.270313 0.71 0.26 0.08 0.58
3979 181.287507 0.72 0.26 0.08 0.59
3980 181.299781 0.72 0.27 0.08 0.59
3981 181.296496 0.72 0.27 0.08 0.59
3982 181.300242 0.72 0.27 0.08 0.59
3983 181.351918 0.75 0.27 0.08 0.61
3984 181.354139 0.75 0.27 0.08 0.61
3985 181.339044 0.74 0.27 0.08 0.61
3986 181.380264 0.77 0.28 0.08 0.62
3987 181.392541 0.77 0.28 0.08 0.63
3988 181.399505 0.78 0.28 0.08 0.63
3989 181.460750 0.81 0.29 0.08 0.65
3990 181.429370 0.79 0.28 0.08 0.64
3991 181.433063 0.80 0.28 0.08 0.64
3992 181.426782 0.79 0.28 0.08 0.64
3993 181.438323 0.80 0.28 0.08 0.64
3994 181.406550 0.78 0.28 0.08 0.63
3995 181.433273 0.80 0.28 0.08 0.64
3996 181.481200 0.82 0.29 0.08 0.65
3997 181.476018 0.82 0.29 0.08 0.65
3998 181.479892 0.82 0.29 0.08 0.65
3999 181.475932 0.82 0.29 0.08 0.65
4000 181.472429 0.82 0.29 0.08 0.65
4001 181.412698 0.78 0.28 0.08 0.63
4002 181.377438 0.77 0.28 0.08 0.62
4003 181.360437 0.76 0.27 0.08 0.61
4004 181.310504 0.73 0.27 0.08 0.60
4005 181.267874 0.70 0.26 0.08 0.58
4006 181.311463 0.73 0.27 0.08 0.60
4007 181.323631 0.74 0.27 0.08 0.60
4008 181.376045 0.76 0.28 0.08 0.62
4009 181.385074 0.77 0.28 0.08 0.62
4010 181.360224 0.76 0.27 0.08 0.61
4011 181.447527 0.80 0.28 0.08 0.64
4012 181.506730 0.84 0.29 0.08 0.66
4013 181.471526 0.82 0.29 0.08 0.65
4014 181.437601 0.80 0.28 0.08 0.64
4015 181.456801 0.81 0.29 0.08 0.65
4016 181.518975 0.84 0.29 0.08 0.67
4017 181.481193 0.82 0.29 0.08 0.65
4018 181.449236 0.81 0.28 0.08 0.64
4019 181.484333 0.82 0.29 0.08 0.66
4020 181.478904 0.82 0.29 0.08 0.65
4021 181.461926 0.81 0.29 0.08 0.65
4022 181.490847 0.83 0.29 0.08 0.66
4023 181.450185 0.81 0.28 0.08 0.64
4024 181.381967 0.77 0.28 0.08 0.62
4025 181.402636 0.78 0.28 0.08 0.63
4026 181.364726 0.76 0.27 0.08 0.62
4027 181.425324 0.79 0.28 0.08 0.64
4028 181.352650 0.75 0.27 0.08 0.61
4029 181.389726 0.77 0.28 0.08 0.62
4030 181.393075 0.77 0.28 0.08 0.63
4031 181.427341 0.79 0.28 0.08 0.64
4032 181.405237 0.78 0.28 0.08 0.63
4033 181.371832 0.76 0.27 0.08 0.62
4034 181.382598 0.77 0.28 0.08 0.62
4035 181.392336 0.77 0.28 0.08 0.63
4036 181.404152 0.78 0.28 0.08 0.63
4037 181.373502 0.76 0.28 0.08 0.62
4038 181.387798 0.77 0.28 0.08 0.62
4039 181.407421 0.78 0.28 0.08 0.63
4040 181.449599 0.81 0.28 0.08 0.64
4041 181.486472 0.83 0.29 0.08 0.66
4042 181.468553 0.82 0.29 0.08 0.65
4043 181.456100 0.81 0.29 0.08 0.65
4044 181.441951 0.80 0.28 0.08 0.64
4045 181.445010 0.80 0.28 0.08 0.64
4046 181.388559 0.77 0.28 0.08 0.62
4047 181.400512 0.78 0.28 0.08 0.63
4048 181.361597 0.76 0.27 0.08 0.62
4049 181.325048 0.74 0.27 0.08 0.60
4050 181.314284 0.73 0.27 0.08 0.60
4051 181.363739 0.76 0.27 0.08 0.62
4052 181.333951 0.74 0.27 0.08 0.61
4053 181.328466 0.74 0.27 0.08 0.60
4054 181.372892 0.76 0.28 0.08 0.62
4055 181.367777 0.76 0.27 0.08 0.62
4056 181.378629 0.77 0.28 0.08 0.62
4057 181.344488 0.75 0.27 0.08 0.61
4058 181.375831 0.76 0.28 0.08 0.62
4059 181.359083 0.76 0.27 0.08 0.61
4060 181.352391 0.75 0.27 0.08 0.61
4061 181.401135 0.78 0.28 0.08 0.63
4062 181.416488 0.79 0.28 0.08 0.63
4063 181.420417 0.79 0.28 0.08 0.63
4064 181.413723 0.79 0.28 0.08 0.63
4065 181.357269 0.75 0.27 0.08 0.61
4066 181.394484 0.77 0.28 0.08 0.63
4067 181.426917 0.79 0.28 0.08 0.64
4068 181.420832 0.79 0.28 0.08 0.63
4069 181.351037 0.75 0.27 0.08 0.61
4070 181.373866 0.76 0.28 0.08 0.62
4071 181.409927 0.78 0.28 0.08 0.63
4072 181.388952 0.77 0.28 0.08 0.62
4073 181.377971 0.77 0.28 0.08 0.62
4074 181.428543 0.79 0.28 0.08 0.64
4075 181.412384 0.78 0.28 0.08 0.63
4076 181.344822 0.75 0.27 0.08 0.61
4077 181.429896 0.79 0.28 0.08 0.64
4078 181.404525 0.78 0.28 0.08 0.63
4079 181.364437 0.76 0.27 0.08 0.62
4080 181.389362 0.77 0.28 0.08 0.62
4081 181.467347 0.82 0.29 0.08 0.65
4082 181.409627 0.78 0.28 0.08 0.63
4083 181.345300 0.75 0.27 0.08 0.61
4084 181.259843 0.70 0.26 0.08 0.58
4085 181.208817 0.67 0.25 0.08 0.56
4086 181.199892 0.67 0.25 0.08 0.56
4087 181.243977 0.69 0.26 0.08 0.58
4088 181.255946 0.70 0.26 0.08 0.58
4089 181.217814 0.68 0.26 0.08 0.57
4090 181.264180 0.70 0.26 0.08 0.58
4091 181.298093 0.72 0.27 0.08 0.59
4092 181.244772 0.69 0.26 0.08 0.58
4093 181.238896 0.69 0.26 0.08 0.57
4094 181.286152 0.71 0.26 0.08 0.59
4095 181.177353 0.65 0.25 0.08 0.55
4096 181.122793 0.62 0.24 0.08 0.54
4097 181.115868 0.62 0.24 0.08 0.53
4098 181.104832 0.61 0.24 0.08 0.53
4099 181.089524 0.61 0.24 0.08 0.53
4100 181.033367 0.57 0.23 0.08 0.51
4101 181.028298 0.57 0.23 0.08 0.50
4102 181.019580 0.57 0.23 0.08 0.50
4103 180.964904 0.54 0.22 0.08 0.48
4104 181.009090 0.56 0.23 0.08 0.50
4105 181.039559 0.58 0.23 0.08 0.51
4106 180.973021 0.54 0.23 0.08 0.49
4107 180.941976 0.52 0.22 0.08 0.48
4108 180.957315 0.53 0.22 0.08 0.48
4109 180.929831 0.52 0.22 0.08 0.47
4110 180.937115 0.52 0.22 0.08 0.47
4111 180.888610 0.49 0.22 0.08 0.46
4112 180.844937 0.47 0.21 0.08 0.44
4113 180.855593 0.48 0.21 0.08 0.45
4114 180.856327 0.48 0.21 0.08 0.45
4115 180.827309 0.46 0.21 0.08 0.44
4116 180.828980 0.46 0.21 0.08 0.44
4117 180.855766 0.48 0.21 0.08 0.45
4118 180.826990 0.46 0.21 0.08 0.44
4119 180.788012 0.44 0.20 0.08 0.43
4120 180.761856 0.42 0.20 0.08 0.42
4121 180.785478 0.44 0.20 0.08 0.42
4122 180.780102 0.43 0.20 0.08 0.42
4123 180.788856 0.44 0.20 0.08 0.43
4124 180.761788 0.42 0.20 0.08 0.42
4125 180.721270 0.40 0.19 0.08 0.40
4126 180.689842 0.38 0.19 0.08 0.39
4127 180.671045 0.37 0.19 0.08 0.39
4128 180.684878 0.38 0.19 0.08 0.39
4129 180.692500 0.38 0.19 0.08 0.39
4130 180.685276 0.38 0.19 0.08 0.39
4131 180.702118 0.39 0.19 0.08 0.40
4132 180.707041 0.39 0.19 0.08 0.40
4133 180.642906 0.36 0.19 0.08 0.38
4134 180.684081 0.38 0.19 0.08 0.39
4135 180.682589 0.38 0.19 0.08 0.39
4136 180.698568 0.39 0.19 0.08 0.40
4137 180.677662 0.38 0.19 0.08 0.39
4138 180.705094 0.39 0.19 0.08 0.40
4139 180.751886 0.42 0.20 0.08 0.41
4140 180.729970 0.41 0.20 0.08 0.41
4141 180.705747 0.39 0.19 0.08 0.40
4142 180.772808 0.43 0.20 0.08 0.42
4143 180.811163 0.45 0.21 0.08 0.43
4144 180.810098 0.45 0.21 0.08 0.43
4145 180.805957 0.45 0.21 0.08 0.43
4146 180.721918 0.40 0.19 0.08 0.40
4147 180.730773 0.41 0.20 0.08 0.41
4148 180.693105 0.39 0.19 0.08 0.39
4149 180.737912 0.41 0.20 0.08 0.41
4150 180.715281 0.40 0.19 0.08 0.40
4151 180.717670 0.40 0.19 0.08 0.40
4152 180.814202 0.45 0.21 0.08 0.43
4153 180.804779 0.45 0.21 0.08 0.43
4154 180.730663 0.41 0.20 0.08 0.41
4155 180.679662 0.38 0.19 0.08 0.39
4156 180.664629 0.37 0.19 0.08 0.38
4157 180.631450 0.35 0.18 0.08 0.37
4158 180.648984 0.36 0.19 0.08 0.38
4159 180.631863 0.35 0.18 0.08 0.37
4160 180.645985 0.36 0.19 0.08 0.38
4161 180.643112 0.36 0.19 0.08 0.38
4162 180.660431 0.37 0.19 0.08 0.38
4163 180.707151 0.39 0.19 0.08 0.40
4164 180.673423 0.37 0.19 0.08 0.39
4165 180.649254 0.36 0.19 0.08 0.38
4166 180.637286 0.35 0.18 0.08 0.38
4167 180.626215 0.35 0.18 0.08 0.37
4168 180.590004 0.33 0.18 0.08 0.36
4169 180.582631 0.32 0.18 0.08 0.36
4170 180.623056 0.35 0.18 0.08 0.37
4171 180.610479 0.34 0.18 0.08 0.37
4172 180.673321 0.37 0.19 0.08 0.39
4173 180.675945 0.38 0.19 0.08 0.39
4174 180.668469 0.37 0.19 0.08 0.39
4175 180.677214 0.38 0.19 0.08 0.39
4176 180.677505 0.38 0.19 0.08 0.39
4177 180.653981 0.36 0.19 0.08 0.38
4178 180.683050 0.38 0.19 0.08 0.39
4179 180.728312 0.40 0.20 0.08 0.41
4180 180.708543 0.39 0.19 0.08 0.40
4181 180.751687 0.42 0.20 0.08 0.41
4182 180.741249 0.41 0.20 0.08 0.41
4183 180.716947 0.40 0.19 0.08 0.40
4184 180.675162 0.38 0.19 0.08 0.39
4185 180.665952 0.37 0.19 0.08 0.38
4186 180.638909 0.35 0.18 0.08 0.38
4187 180.682334 0.38 0.19 0.08 0.39
4188 180.721283 0.40 0.19 0.08 0.40
4189 180.745897 0.41 0.20 0.08 0.41
4190 180.733377 0.41 0.20 0.08 0.41
4191 180.678734 0.38 0.19 0.08 0.39
4192 180.680621 0.38 0.19 0.08 0.39
4193 180.712836 0.40 0.19 0.08 0.40
4194 180.729206 0.41 0.20 0.08 0.41
4195 180.712949 0.40 0.19 0.08 0.40
4196 180.680797 0.38 0.19 0.08 0.39
4197 180.640028 0.36 0.18 0.08 0.38
4198 180.639836 0.36 0.18 0.08 0.38
4199 180.614301 0.34 0.18 0.08 0.37
4200 180.603165 0.34 0.18 0.08 0.36
4201 180.630369 0.35 0.18 0.08 0.37
4202 180.613534 0.34 0.18 0.08 0.37
4203 180.592749 0.33 0.18 0.08 0.36
4204 180.566274 0.31 0.18 0.08 0.35
4205 180.490903 0.27 0.17 0.08 0.33
4206 180.505313 0.28 0.17 0.08 0.33
4207 180.493144 0.27 0.17 0.08 0.33
4208 180.529600 0.29 0.17 0.08 0.34
4209 180.501048 0.28 0.17 0.08 0.33
4210 180.454040 0.25 0.16 0.08 0.31
4211 180.410164 0.23 0.16 0.08 0.30
4212 180.446460 0.25 0.16 0.08 0.31
4213 180.442005 0.25 0.16 0.08 0.31
4214 180.426963 0.24 0.16 0.08 0.31
4215 180.404568 0.22 0.16 0.08 0.30
4216 180.337412 0.19 0.15 0.08 0.28
4217 180.352578 0.20 0.15 0.08 0.28
4218 180.292817 0.16 0.14 0.08 0.26
4219 180.282020 0.16 0.14 0.08 0.26
4220 180.293473 0.16 0.14 0.08 0.26
4221 180.281651 0.16 0.14 0.08 0.26
4222 180.238015 0.13 0.14 0.08 0.24
4223 180.195577 0.11 0.13 0.08 0.23
4224 180.181798 0.10 0.13 0.08 0.22
4225 180.185855 0.10 0.13 0.08 0.23
4226 180.123838 0.07 0.12 0.08 0.21
4227 180.144500 0.08 0.12 0.08 0.21
4228 180.196624 0.11 0.13 0.08 0.23
4229 180.201773 0.11 0.13 0.08 0.23
4230 180.218474 0.12 0.13 0.08 0.24
4231 180.222176 0.12 0.13 0.08 0.24
4232 180.247737 0.14 0.14 0.08 0.25
4233 180.222194 0.12 0.13 0.08 0.24
4234 180.194100 0.11 0.13 0.08 0.23
4235 180.203732 0.11 0.13 0.08 0.23
4236 180.241009 0.13 0.14 0.08 0.24
4237 180.227831 0.13 0.13 0.08 0.24
4238 180.174081 0.10 0.13 0.08 0.22
4239 180.196904 0.11 0.13 0.08 0.23
4240 180.211219 0.12 0.13 0.08 0.23
4241 180.205908 0.11 0.13 0.08 0.23
4242 180.210425 0.12 0.13 0.08 0.23
4243 180.225095 0.13 0.13 0.08 0.24
4244 180.218573 0.12 0.13 0.08 0.24
4245 180.187586 0.10 0.13 0.08 0.23
4246 180.181357 0.10 0.13 0.08 0.22
4247 180.202825 0.11 0.13 0.08 0.23
4248 180.195225 0.11 0.13 0.08 0.23
4249 180.168125 0.09 0.13 0.08 0.22
4250 180.140334 0.08 0.12 0.08 0.21
4251 180.111371 0.06 0.12 0.08 0.20
4252 180.071517 0.04 0.11 0.08 0.19
4253 180.065179 0.04 0.11 0.08 0.19
4254 180.025885 0.01 0.11 0.08 0.17
4255 179.984953 -0.01 0.10 0.08 0.16
4256 179.938921 -0.03 0.10 0.08 0.14
4257 179.860178 -0.08 0.09 0.08 0.12
4258 179.847310 -0.08 0.09 0.08 0.11
4259 179.847237 -0.08 0.09 0.08 0.11
4260 179.829406 -0.09 0.09 0.08 0.11
4261 179.860026 -0.08 0.09 0.08 0.12
4262 179.833221 -0.09 0.09 0.08 0.11
4263 179.805754 -0.11 0.08 0.08 0.10
4264 179.750853 -0.14 0.08 0.08 0.08
4265 179.788927 -0.12 0.08 0.08 0.09
4266 179.828559 -0.10 0.09 0.08 0.11
4267 179.851042 -0.08 0.09 0.08 0.12
4268 179.797505 -0.11 0.08 0.08 0.10
4269 179.797550 -0.11 0.08 0.08 0.10
4270 179.797113 -0.11 0.08 0.08 0.10
4271 179.799320 -0.11 0.08 0.08 0.10
4272 179.804774 -0.11 0.08 0.08 0.10
4273 179.824209 -0.10 0.08 0.08 0.11
4274 179.822484 -0.10 0.08 0.08 0.11
4275 179.760218 -0.13 0.08 0.08 0.09
4276 179.686114 -0.17 0.07 0.08 0.06
4277 179.742236 -0.14 0.07 0.08 0.08
4278 179.783040 -0.12 0.08 0.08 0.09
4279 179.783778 -0.12 0.08 0.08 0.09
4280 179.766943 -0.13 0.08 0.08 0.09
4281 179.722993 -0.15 0.07 0.08 0.07
4282 179.693515 -0.17 0.07 0.08 0.06
4283 179.671786 -0.18 0.07 0.08 0.06
4284 179.726212 -0.15 0.07 0.08 0.07
4285 179.740690 -0.14 0.07 0.08 0.08
4286 179.739334 -0.14 0.07 0.08 0.08
4287 179.775805 -0.12 0.08 0.08 0.09
4288 179.755118 -0.14 0.08 0.08 0.08
4289 179.764561 -0.13 0.08 0.08 0.09
4290 179.824358 -0.10 0.08 0.08 0.11
4291 179.880289 -0.07 0.09 0.08 0.12
4292 179.875255 -0.07 0.09 0.08 0.12
4293 179.850921 -0.08 0.09 0.08 0.12
4294 179.868780 -0.07 0.09 0.08 0.12
4295 179.904304 -0.05 0.09 0.08 0.13
4296 179.887590 -0.06 0.09 0.08 0.13
4297 179.878587 -0.07 0.09 0.08 0.12
4298 179.880737 -0.07 0.09 0.08 0.12
4299 179.841332 -0.09 0.09 0.08 0.11
4300 179.816206 -0.10 0.08 0.08 0.10
4301 179.797446 -0.11 0.08 0.08 0.10
4302 179.810037 -0.11 0.08 0.08 0.10
4303 179.846977 -0.09 0.09 0.08 0.11
4304 179.792214 -0.12 0.08 0.08 0.10
4305 179.795793 -0.11 0.08 0.08 0.10
4306 179.748573 -0.14 0.08 0.08 0.08
4307 179.719829 -0.16 0.07 0.08 0.07
4308 179.690852 -0.17 0.07 0.08 0.06
4309 179.715071 -0.16 0.07 0.08 0.07
4310 179.706271 -0.16 0.07 0.08 0.07
4311 179.687495 -0.17 0.07 0.08 0.06
4312 179.676291 -0.18 0.07 0.08 0.06
4313 179.691264 -0.17 0.07 0.08 0.06
4314 179.740580 -0.14 0.07 0.08 0.08
4315 179.709140 -0.16 0.07 0.08 0.07
4316 179.735965 -0.15 0.07 0.08 0.08
4317 179.720225 -0.16 0.07 0.08 0.07
4318 179.698033 -0.17 0.07 0.08 0.06
4319 179.693631 -0.17 0.07 0.08 0.06
4320 179.707163 -0.16 0.07 0.08 0.07
4321 179.672204 -0.18 0.07 0.08 0.06
4322 179.745309 -0.14 0.07 0.08 0.08
4323 179.687200 -0.17 0.07 0.08 0.06
4324 179.688329 -0.17 0.07 0.08 0.06
4325 179.683366 -0.18 0.07 0.08 0.06
4326 179.720147 -0.16 0.07 0.08 0.07
4327 179.654976 -0.19 0.06 0.08 0.05
4328 179.626261 -0.21 0.06 0.08 0.04
4329 179.609979 -0.22 0.06 0.08 0.04
4330 179.637581 -0.20 0.06 0.08 0.04
4331 179.707406 -0.16 0.07 0.08 0.07
4332 179.757135 -0.13 0.08 0.08 0.08
4333 179.756128 -0.14 0.08 0.08 0.08
4334 179.730770 -0.15 0.07 0.08 0.08
4335 179.736851 -0.15 0.07 0.08 0.08
4336 179.755627 -0.14 0.08 0.08 0.08
4337 179.769209 -0.13 0.08 0.08 0.09
4338 179.752527 -0.14 0.08 0.08 0.08
4339 179.745359 -0.14 0.07 0.08 0.08
4340 179.713753 -0.16 0.07 0.08 0.07
4341 179.700517 -0.17 0.07 0.08 0.07
4342 179.693427 -0.17 0.07 0.08 0.06
4343 179.643903 -0.20 0.06 0.08 0.05
4344 179.682881 -0.18 0.07 0.08 0.06
4345 179.719139 -0.16 0.07 0.08 0.07
4346 179.700577 -0.17 0.07 0.08 0.07
4347 179.698578 -0.17 0.07 0.08 0.06
4348 179.716383 -0.16 0.07 0.08 0.07
4349 179.738433 -0.15 0.07 0.08 0.08
4350 179.808982 -0.11 0.08 0.08 0.10
4351 179.799764 -0.11 0.08 0.08 0.10
4352 179.754571 -0.14 0.08 0.08 0.08
4353 179.813910 -0.10 0.08 0.08 0.10
4354 179.833502 -0.09 0.09 0.08 0.11
4355 179.820922 -0.10 0.08 0.08 0.11
4356 179.810719 -0.11 0.08 0.08 0.10
4357 179.795132 -0.11 0.08 0.08 0.10
4358 179.797608 -0.11 0.08 0.08 0.10
4359 179.879517 -0.07 0.09 0.08 0.12
4360 179.891186 -0.06 0.09 0.08 0.13
4361 179.899181 -0.06 0.09 0.08 0.13
4362 179.875989 -0.07 0.09 0.08 0.12
4363 179.861451 -0.08 0.09 0.08 0.12
4364 179.891238 -0.06 0.09 0.08 0.13
4365 179.876789 -0.07 0.09 0.08 0.12
4366 179.923604 -0.04 0.10 0.08 0.14
4367 179.859551 -0.08 0.09 0.08 0.12
4368 179.883878 -0.06 0.09 0.08 0.13
4369 179.847229 -0.08 0.09 0.08 0.11
4370 179.909908 -0.05 0.10 0.08 0.13
4371 179.916271 -0.05 0.10 0.08 0.14
4372 179.898226 -0.06 0.09 0.08 0.13
4373 179.972604 -0.02 0.10 0.08 0.16
4374 180.046685 0.03 0.11 0.08 0.18
4375 180.068032 0.04 0.11 0.08 0.19
4376 180.108886 0.06 0.12 0.08 0.20
4377 180.087937 0.05 0.12 0.08 0.19
4378 180.129215 0.07 0.12 0.08 0.21
4379 180.093264 0.05 0.12 0.08 0.20
4380 180.096596 0.05 0.12 0.08 0.20
4381 180.111230 0.06 0.12 0.08 0.20
4382 180.065564 0.04 0.11 0.08 0.19
4383 180.019363 0.01 0.11 0.08 0.17
4384 180.038448 0.02 0.11 0.08 0.18
4385 180.057001 0.03 0.11 0.08 0.18
4386 180.057709 0.03 0.11 0.08 0.18
4387 180.037783 0.02 0.11 0.08 0.18
4388 180.075146 0.04 0.12 0.08 0.19
4389 180.063671 0.04 0.11 0.08 0.19
4390 180.036526 0.02 0.11 0.08 0.18
4391 180.024486 0.01 0.11 0.08 0.17
4392 180.014421 0.01 0.11 0.08 0.17
4393 180.044845 0.02 0.11 0.08 0.18
4394 180.025723 0.01 0.11 0.08 0.17
4395 179.991629 -0.00 0.11 0.08 0.16
4396 180.028549 0.02 0.11 0.08 0.17
4397 180.073355 0.04 0.12 0.08 0.19
4398 180.042603 0.02 0.11 0.08 0.18
4399 180.006822 0.00 0.11 0.08 0.17
4400 180.029929 0.02 0.11 0.08 0.17
4401 180.033897 0.02 0.11 0.08 0.18
4402 180.035618 0.02 0.11 0.08 0.18
4403 180.026427 0.01 0.11 0.08 0.17
4404 179.980642 -0.01 0.10 0.08 0.16
4405 180.001295 0.00 0.11 0.08 0.16
4406 180.037666 0.02 0.11 0.08 0.18
4407 180.045180 0.03 0.11 0.08 0.18
4408 180.060019 0.03 0.11 0.08 0.18
4409 180.105719 0.06 0.12 0.08 0.20
4410 180.124595 0.07 0.12 0.08 0.21
4411 180.122132 0.07 0.12 0.08 0.20
4412 180.162227 0.09 0.13 0.08 0.22
4413 180.203422 0.11 0.13 0.08 0.23
4414 180.274544 0.15 0.14 0.08 0.26
4415 180.272874 0.15 0.14 0.08 0.25
4416 180.248106 0.14 0.14 0.08 0.25
4417 180.201069 0.11 0.13 0.08 0.23
4418 180.133480 0.07 0.12 0.08 0.21
4419 180.124692 0.07 0.12 0.08 0.21
4420 180.133129 0.07 0.12 0.08 0.21
4421 180.099748 0.06 0.12 0.08 0.20
4422 180.076584 0.04 0.12 0.08 0.19
4423 180.084769 0.05 0.12 0.08 0.19
4424 180.125278 0.07 0.12 0.08 0.21
4425 180.086876 0.05 0.12 0.08 0.19
4426 180.038484 0.02 0.11 0.08 0.18
4427 179.978724 -0.01 0.10 0.08 0.16
4428 180.010274 0.01 0.11 0.08 0.17
4429 179.979619 -0.01 0.10 0.08 0.16
4430 179.922870 -0.04 0.10 0.08 0.14
4431 179.882976 -0.07 0.09 0.08 0.13
4432 179.868292 -0.07 0.09 0.08 0.12
4433 179.872275 -0.07 0.09 0.08 0.12
4434 179.888639 -0.06 0.09 0.08 0.13
4435 179.932217 -0.04 0.10 0.08 0.14
4436 179.895340 -0.06 0.09 0.08 0.13
4437 179.936473 -0.04 0.10 0.08 0.14
4438 179.918395 -0.05 0.10 0.08 0.14
4439 179.906730 -0.05 0.09 0.08 0.13
4440 179.918306 -0.05 0.10 0.08 0.14
4441 179.907004 -0.05 0.09 0.08 0.13
4442 179.904077 -0.05 0.09 0.08 0.13
4443 179.949488 -0.03 0.10 0.08 0.15
4444 179.908782 -0.05 0.09 0.08 0.13
4445 179.949774 -0.03 0.10 0.08 0.15
4446 179.974811 -0.01 0.10 0.08 0.16
4447 179.997108 -0.00 0.11 0.08 0.16
4448 180.064743 0.04 0.11 0.08 0.19
4449 180.091870 0.05 0.12 0.08 0.19
4450 180.108951 0.06 0.12 0.08 0.20
4451 180.045119 0.03 0.11 0.08 0.18
4452 180.058854 0.03 0.11 0.08 0.18
4453 180.001437 0.00 0.11 0.08 0.16
4454 180.035823 0.02 0.11 0.08 0.18
4455 180.043278 0.02 0.11 0.08 0.18
4456 180.071013 0.04 0.11 0.08 0.19
4457 180.073225 0.04 0.12 0.08 0.19
4458 180.080689 0.04 0.12 0.08 0.19
4459 180.121282 0.07 0.12 0.08 0.20
4460 180.124950 0.07 0.12 0.08 0.21
4461 180.121639 0.07 0.12 0.08 0.20
4462 180.184373 0.10 0.13 0.08 0.23
4463 180.187281 0.10 0.13 0.08 0.23
4464 180.140131 0.08 0.12 0.08 0.21
4465 180.158143 0.09 0.13 0.08 0.22
4466 180.206845 0.11 0.13 0.08 0.23
4467 180.239379 0.13 0.14 0.08 0.24
4468 180.294836 0.16 0.14 0.08 0.26
4469 180.279937 0.16 0.14 0.08 0.26
4470 180.314011 0.17 0.14 0.08 0.27
4471 180.346521 0.19 0.15 0.08 0.28
4472 180.294544 0.16 0.14 0.08 0.26
4473 180.339073 0.19 0.15 0.08 0.28
4474 180.320255 0.18 0.15 0.08 0.27
4475 180.271573 0.15 0.14 0.08 0.25
4476 180.286752 0.16 0.14 0.08 0.26
4477 180.281849 0.16 0.14 0.08 0.26
4478 180.261679 0.15 0.14 0.08 0.25
4479 180.260427 0.14 0.14 0.08 0.25
4480 180.265975 0.15 0.14 0.08 0.25
4481 180.257549 0.14 0.14 0.08 0.25
4482 180.247484 0.14 0.14 0.08 0.25
4483 180.232299 0.13 0.13 0.08 0.24
4484 180.316779 0.18 0.15 0.08 0.27
4485 180.353752 0.20 0.15 0.08 0.28
4486 180.366196 0.20 0.15 0.08 0.29
4487 180.364705 0.20 0.15 0.08 0.29
4488 180.331816 0.18 0.15 0.08 0.27
4489 180.361659 0.20 0.15 0.08 0.28
4490 180.324801 0.18 0.15 0.08 0.27
4491 180.290369 0.16 0.14 0.08 0.26
4492 180.232008 0.13 0.13 0.08 0.24
4493 180.272914 0.15 0.14 0.08 0.25
4494 180.269154 0.15 0.14 0.08 0.25
4495 180.264493 0.15 0.14 0.08 0.25
4496 180.278934 0.15 0.14 0.08 0.26
4497 180.216399 0.12 0.13 0.08 0.24
4498 180.229183 0.13 0.13 0.08 0.24
4499 180.202083 0.11 0.13 0.08 0.23
4500 180.142306 0.08 0.12 0.08 0.21
4501 180.110624 0.06 0.12 0.08 0.20
4502 180.058871 0.03 0.11 0.08 0.18
4503 180.051332 0.03 0.11 0.08 0.18
4504 180.039773 0.02 0.11 0.08 0.18
4505 180.020946 0.01 0.11 0.08 0.17
4506 180.016744 0.01 0.11 0.08 0.17
4507 179.970513 -0.02 0.10 0.08 0.15
4508 179.953572 -0.03 0.10 0.08 0.15
4509 179.977178 -0.01 0.10 0.08 0.16
4510 179.990033 -0.01 0.10 0.08 0.16
4511 180.033084 0.02 0.11 0.08 0.18
4512 180.091303 0.05 0.12 0.08 0.19
4513 180.121357 0.07 0.12 0.08 0.20
4514 180.113676 0.06 0.12 0.08 0.20
4515 180.087820 0.05 0.12 0.08 0.19
4516 180.090821 0.05 0.12 0.08 0.19
4517 180.162394 0.09 0.13 0.08 0.22
4518 180.089593 0.05 0.12 0.08 0.19
4519 180.119654 0.07 0.12 0.08 0.20
4520 180.143090 0.08 0.12 0.08 0.21
4521 180.186329 0.10 0.13 0.08 0.23
4522 180.161258 0.09 0.13 0.08 0.22
4523 180.153063 0.09 0.13 0.08 0.22
4524 180.168175 0.09 0.13 0.08 0.22
4525 180.199932 0.11 0.13 0.08 0.23
4526 180.207648 0.12 0.13 0.08 0.23
4527 180.161999 0.09 0.13 0.08 0.22
4528 180.164334 0.09 0.13 0.08 0.22
4529 180.156654 0.09 0.13 0.08 0.22
4530 180.167224 0.09 0.13 0.08 0.22
4531 180.208539 0.12 0.13 0.08 0.23
4532 180.250926 0.14 0.14 0.08 0.25
4533 180.279110 0.16 0.14 0.08 0.26
4534 180.302319 0.17 0.14 0.08 0.26
4535 180.369309 0.21 0.15 0.08 0.29
4536 180.418652 0.23 0.16 0.08 0.30
4537 180.473999 0.26 0.16 0.08 0.32
4538 180.415276 0.23 0.16 0.08 0.30
4539 180.490097 0.27 0.17 0.08 0.33
4540 180.461279 0.26 0.16 0.08 0.32
4541 180.448892 0.25 0.16 0.08 0.31
4542 180.442497 0.25 0.16 0.08 0.31
4543 180.405038 0.23 0.16 0.08 0.30
4544 180.389748 0.22 0.15 0.08 0.29
4545 180.424188 0.24 0.16 0.08 0.30
4546 180.450977 0.25 0.16 0.08 0.31
4547 180.454564 0.25 0.16 0.08 0.31
4548 180.389606 0.22 0.15 0.08 0.29
4549 180.415528 0.23 0.16 0.08 0.30
4550 180.437380 0.24 0.16 0.08 0.31
4551 180.445083 0.25 0.16 0.08 0.31
4552 180.456604 0.25 0.16 0.08 0.32
4553 180.461078 0.26 0.16 0.08 0.32
4554 180.469325 0.26 0.16 0.08 0.32
4555 180.523532 0.29 0.17 0.08 0.34
4556 180.493589 0.27 0.17 0.08 0.33
4557 180.501799 0.28 0.17 0.08 0.33
4558 180.508406 0.28 0.17 0.08 0.33
4559 180.524202 0.29 0.17 0.08 0.34
4560 180.519444 0.29 0.17 0.08 0.34
4561 180.543116 0.30 0.17 0.08 0.34
4562 180.524779 0.29 0.17 0.08 0.34
4563 180.511206 0.28 0.17 0.08 0.33
4564 180.531591 0.30 0.17 0.08 0.34
4565 180.511147 0.28 0.17 0.08 0.33
4566 180.530790 0.29 0.17 0.08 0.34
4567 180.536263 0.30 0.17 0.08 0.34
4568 180.533257 0.30 0.17 0.08 0.34
4569 180.503607 0.28 0.17 0.08 0.33
4570 180.605644 0.34 0.18 0.08 0.36
4571 180.615395 0.34 0.18 0.08 0.37
4572 180.661601 0.37 0.19 0.08 0.38
4573 180.691426 0.38 0.19 0.08 0.39
4574 180.707535 0.39 0.19 0.08 0.40
4575 180.718209 0.40 0.19 0.08 0.40
4576 180.685690 0.38 0.19 0.08 0.39
4577 180.654663 0.36 0.19 0.08 0.38
4578 180.671629 0.37 0.19 0.08 0.39
4579 180.719848 0.40 0.19 0.08 0.40
4580 180.710604 0.39 0.19 0.08 0.40
4581 180.772803 0.43 0.20 0.08 0.42
4582 180.820091 0.46 0.21 0.08 0.44
4583 180.814251 0.45 0.21 0.08 0.43
4584 180.824396 0.46 0.21 0.08 0.44
4585 180.899361 0.50 0.22 0.08 0.46
4586 180.847505 0.47 0.21 0.08 0.44
4587 180.910557 0.51 0.22 0.08 0.47
4588 180.986136 0.55 0.23 0.08 0.49
4589 180.977085 0.54 0.23 0.08 0.49
4590 181.008860 0.56 0.23 0.08 0.50
4591 181.051509 0.58 0.24 0.08 0.51
4592 180.990037 0.55 0.23 0.08 0.49
4593 180.971776 0.54 0.23 0.08 0.49
4594 180.994500 0.55 0.23 0.08 0.49
4595 180.954317 0.53 0.22 0.08 0.48
4596 180.962906 0.53 0.22 0.08 0.48
4597 180.930291 0.52 0.22 0.08 0.47
4598 180.822544 0.46 0.21 0.08 0.44
4599 180.848381 0.47 0.21 0.08 0.45
4600 180.867836 0.48 0.21 0.08 0.45
4601 180.852468 0.47 0.21 0.08 0.45
4602 180.839897 0.47 0.21 0.08 0.44
4603 180.814740 0.45 0.21 0.08 0.43
4604 180.847447 0.47 0.21 0.08 0.44
4605 180.830252 0.46 0.21 0.08 0.44
4606 180.851813 0.47 0.21 0.08 0.45
4607 180.817475 0.45 0.21 0.08 0.44
4608 180.784898 0.44 0.20 0.08 0.42
4609 180.774993 0.43 0.20 0.08 0.42
4610 180.758646 0.42 0.20 0.08 0.42
4611 180.795296 0.44 0.20 0.08 0.43
4612 180.803465 0.45 0.21 0.08 0.43
4613 180.794096 0.44 0.20 0.08 0.43
4614 180.816391 0.45 0.21 0.08 0.43
4615 180.791893 0.44 0.20 0.08 0.43
4616 180.755924 0.42 0.20 0.08 0.41
4617 180.798676 0.44 0.20 0.08 0.43
4618 180.814728 0.45 0.21 0.08 0.43
4619 180.841445 0.47 0.21 0.08 0.44
4620 180.914254 0.51 0.22 0.08 0.47
4621 180.911733 0.51 0.22 0.08 0.47
4622 180.843527 0.47 0.21 0.08 0.44
4623 180.872768 0.48 0.21 0.08 0.45
4624 180.825400 0.46 0.21 0.08 0.44
4625 180.861157 0.48 0.21 0.08 0.45
4626 180.863744 0.48 0.21 0.08 0.45
4627 180.903354 0.50 0.22 0.08 0.46
4628 180.905283 0.50 0.22 0.08 0.46
4629 180.913050 0.51 0.22 0.08 0.47
4630 180.893188 0.50 0.22 0.08 0.46
4631 180.918766 0.51 0.22 0.08 0.47
4632 180.834600 0.46 0.21 0.08 0.44
4633 180.810248 0.45 0.21 0.08 0.43
4634 180.810593 0.45 0.21 0.08 0.43
4635 180.809554 0.45 0.21 0.08 0.43
4636 180.715754 0.40 0.19 0.08 0.40
4637 180.682564 0.38 0.19 0.08 0.39
4638 180.748491 0.42 0.20 0.08 0.41
4639 180.743035 0.41 0.20 0.08 0.41
4640 180.769734 0.43 0.20 0.08 0.42
4641 180.806577 0.45 0.21 0.08 0.43
4642 180.833545 0.46 0.21 0.08 0.44
4643 180.828554 0.46 0.21 0.08 0.44
4644 180.849037 0.47 0.21 0.08 0.45
4645 180.812309 0.45 0.21 0.08 0.43
4646 180.827113 0.46 0.21 0.08 0.44
4647 180.810442 0.45 0.21 0.08 0.43
4648 180.781044 0.43 0.20 0.08 0.42
4649 180.746060 0.41 0.20 0.08 0.41
4650 180.708882 0.39 0.19 0.08 0.40
4651 180.758758 0.42 0.20 0.08 0.42
4652 180.760907 0.42 0.20 0.08 0.42
4653 180.802805 0.45 0.20 0.08 0.43
4654 180.772880 0.43 0.20 0.08 0.42
4655 180.831895 0.46 0.21 0.08 0.44
4656 180.857755 0.48 0.21 0.08 0.45
4657 180.889620 0.49 0.22 0.08 0.46
4658 180.879065 0.49 0.21 0.08 0.46
4659 180.861897 0.48 0.21 0.08 0.45
4660 180.932999 0.52 0.22 0.08 0.47
4661 180.934931 0.52 0.22 0.08 0.47
4662 180.973714 0.54 0.23 0.08 0.49
4663 181.010717 0.56 0.23 0.08 0.50
4664 181.033177 0.57 0.23 0.08 0.51
4665 181.054027 0.59 0.24 0.08 0.51
4666 181.014671 0.56 0.23 0.08 0.50
4667 181.065030 0.59 0.24 0.08 0.52
4668 181.098431 0.61 0.24 0.08 0.53
4669 181.093933 0.61 0.24 0.08 0.53
4670 181.099689 0.61 0.24 0.08 0.53
4671 181.102023 0.61 0.24 0.08 0.53
4672 181.133317 0.63 0.25 0.08 0.54
4673 181.130845 0.63 0.25 0.08 0.54
4674 181.131034 0.63 0.25 0.08 0.54
4675 181.140120 0.63 0.25 0.08 0.54
4676 181.128533 0.63 0.25 0.08 0.54
4677 181.170474 0.65 0.25 0.08 0.55
4678 181.150050 0.64 0.25 0.08 0.55
4679 181.129612 0.63 0.25 0.08 0.54
4680 181.129253 0.63 0.25 0.08 0.54
4681 181.121503 0.62 0.24 0.08 0.54
4682 181.159075 0.64 0.25 0.08 0.55
4683 181.202523 0.67 0.25 0.08 0.56
4684 181.245125 0.69 0.26 0.08 0.58
4685 181.236209 0.69 0.26 0.08 0.57
4686 181.223138 0.68 0.26 0.08 0.57
4687 181.214740 0.67 0.26 0.08 0.57
4688 181.140316 0.63 0.25 0.08 0.54
4689 181.095759 0.61 0.24 0.08 0.53
4690 181.063406 0.59 0.24 0.08 0.52
4691 181.076703 0.60 0.24 0.08 0.52
4692 181.066988 0.59 0.24 0.08 0.52
4693 181.064509 0.59 0.24 0.08 0.52
4694 181.009892 0.56 0.23 0.08 0.50
4695 180.922088 0.51 0.22 0.08 0.47
4696 180.875688 0.49 0.21 0.08 0.45
4697 180.861222 0.48 0.21 0.08 0.45
4698 180.882646 0.49 0.21 0.08 0.46
4699 180.816026 0.45 0.21 0.08 0.43
4700 180.810414 0.45 0.21 0.08 0.43
4701 180.796008 0.44 0.20 0.08 0.43
4702 180.824866 0.46 0.21 0.08 0.44
4703 180.842725 0.47 0.21 0.08 0.44
4704 180.866580 0.48 0.21 0.08 0.45
4705 180.887774 0.49 0.22 0.08 0.46
4706 180.884256 0.49 0.21 0.08 0.46
4707 180.854008 0.47 0.21 0.08 0.45
4708 180.855985 0.48 0.21 0.08 0.45
4709 180.853841 0.47 0.21 0.08 0.45
4710 180.843854 0.47 0.21 0.08 0.44
4711 180.877261 0.49 0.21 0.08 0.45
4712 180.888509 0.49 0.22 0.08 0.46
4713 180.873945 0.49 0.21 0.08 0.45
4714 180.875520 0.49 0.21 0.08 0.45
4715 180.888391 0.49 0.22 0.08 0.46
4716 180.908859 0.50 0.22 0.08 0.47
4717 180.896704 0.50 0.22 0.08 0.46
4718 180.837254 0.47 0.21 0.08 0.44
4719 180.833665 0.46 0.21 0.08 0.44
4720 180.877493 0.49 0.21 0.08 0.45
4721 180.887827 0.49 0.22 0.08 0.46
4722 180.855067 0.48 0.21 0.08 0.45
4723 180.877532 0.49 0.21 0.08 0.45
4724 180.869864 0.48 0.21 0.08 0.45
4725 180.851717 0.47 0.21 0.08 0.45
4726 180.812942 0.45 0.21 0.08 0.43
4727 180.851144 0.47 0.21 0.08 0.45
4728 180.846737 0.47 0.21 0.08 0.44
4729 180.898546 0.50 0.22 0.08 0.46
4730 180.951257 0.53 0.22 0.08 0.48
4731 180.988010 0.55 0.23 0.08 0.49
4732 180.980196 0.54 0.23 0.08 0.49
4733 180.962185 0.53 0.22 0.08 0.48
4734 180.912968 0.51 0.22 0.08 0.47
4735 180.880577 0.49 0.21 0.08 0.46
4736 180.932226 0.52 0.22 0.08 0.47
4737 180.965525 0.54 0.22 0.08 0.48
4738 180.946156 0.53 0.22 0.08 0.48
4739 180.944461 0.52 0.22 0.08 0.48
4740 180.932091 0.52 0.22 0.08 0.47
4741 180.906407 0.50 0.22 0.08 0.46
4742 180.852216 0.47 0.21 0.08 0.45
4743 180.842037 0.47 0.21 0.08 0.44
4744 180.820799 0.46 0.21 0.08 0.44
4745 180.788943 0.44 0.20 0.08 0.43
4746 180.801488 0.45 0.20 0.08 0.43
4747 180.783494 0.44 0.20 0.08 0.42
4748 180.770405 0.43 0.20 0.08 0.42
4749 180.794696 0.44 0.20 0.08 0.43
4750 180.818074 0.45 0.21 0.08 0.44
4751 180.788375 0.44 0.20 0.08 0.43
4752 180.779692 0.43 0.20 0.08 0.42
4753 180.805787 0.45 0.21 0.08 0.43
4754 180.823548 0.46 0.21 0.08 0.44
4755 180.810528 0.45 0.21 0.08 0.43
4756 180.822397 0.46 0.21 0.08 0.44
4757 180.794275 0.44 0.20 0.08 0.43
4758 180.826216 0.46 0.21 0.08 0.44
4759 180.880796 0.49 0.21 0.08 0.46
4760 180.900680 0.50 0.22 0.08 0.46
4761 180.958071 0.53 0.22 0.08 0.48
4762 180.942272 0.52 0.22 0.08 0.48
4763 180.879891 0.49 0.21 0.08 0.46
4764 180.871983 0.48 0.21 0.08 0.45
4765 180.874290 0.49 0.21 0.08 0.45
4766 180.840860 0.47 0.21 0.08 0.44
4767 180.816524 0.45 0.21 0.08 0.43
4768 180.848652 0.47 0.21 0.08 0.45
4769 180.842663 0.47 0.21 0.08 0.44
4770 180.847056 0.47 0.21 0.08 0.44
4771 180.856592 0.48 0.21 0.08 0.45
4772 180.842282 0.47 0.21 0.08 0.44
4773 180.864600 0.48 0.21 0.08 0.45
4774 180.775341 0.43 0.20 0.08 0.42
4775 180.789255 0.44 0.20 0.08 0.43
4776 180.783825 0.44 0.20 0.08 0.42
4777 180.793763 0.44 0.20 0.08 0.43
4778 180.762372 0.42 0.20 0.08 0.42
4779 180.668602 0.37 0.19 0.08 0.39
4780 180.756925 0.42 0.20 0.08 0.42
4781 180.730009 0.41 0.20 0.08 0.41
4782 180.750272 0.42 0.20 0.08 0.41
4783 180.736672 0.41 0.20 0.08 0.41
4784 180.720483 0.40 0.19 0.08 0.40
4785 180.682969 0.38 0.19 0.08 0.39
4786 180.687209 0.38 0.19 0.08 0.39
4787 180.626145 0.35 0.18 0.08 0.37
4788 180.631573 0.35 0.18 0.08 0.37
4789 180.610628 0.34 0.18 0.08 0.37
4790 180.557047 0.31 0.17 0.08 0.35
4791 180.582065 0.32 0.18 0.08 0.36
4792 180.593074 0.33 0.18 0.08 0.36
4793 180.535270 0.30 0.17 0.08 0.34
4794 180.501513 0.28 0.17 0.08 0.33
4795 180.475872 0.26 0.16 0.08 0.32
4796 180.532713 0.30 0.17 0.08 0.34
4797 180.530755 0.29 0.17 0.08 0.34
4798 180.505608 0.28 0.17 0.08 0.33
4799 180.476675 0.26 0.16 0.08 0.32
4800 180.467258 0.26 0.16 0.08 0.32
4801 180.490590 0.27 0.17 0.08 0.33
4802 180.495352 0.28 0.17 0.08 0.33
4803 180.485487 0.27 0.17 0.08 0.33
4804 180.513289 0.29 0.17 0.08 0.33
4805 180.508787 0.28 0.17 0.08 0.33
4806 180.515878 0.29 0.17 0.08 0.34
4807 180.483307 0.27 0.17 0.08 0.32
4808 180.445357 0.25 0.16 0.08 0.31
4809 180.431563 0.24 0.16 0.08 0.31
4810 180.503241 0.28 0.17 0.08 0.33
4811 180.502492 0.28 0.17 0.08 0.33
4812 180.514485 0.29 0.17 0.08 0.33
4813 180.516913 0.29 0.17 0.08 0.34
4814 180.468784 0.26 0.16 0.08 0.32
4815 180.489800 0.27 0.17 0.08 0.33
4816 180.512258 0.28 0.17 0.08 0.33
4817 180.511662 0.28 0.17 0.08 0.33
4818 180.505440 0.28 0.17 0.08 0.33
4819 180.517227 0.29 0.17 0.08 0.34
4820 180.583968 0.32 0.18 0.08 0.36
4821 180.578058 0.32 0.18 0.08 0.36
4822 180.617254 0.34 0.18 0.08 0.37
4823 180.635949 0.35 0.18 0.08 0.37
4824 180.709557 0.39 0.19 0.08 0.40
4825 180.682714 0.38 0.19 0.08 0.39
4826 180.683808 0.38 0.19 0.08 0.39
4827 180.698712 0.39 0.19 0.08 0.40
4828 180.716661 0.40 0.19 0.08 0.40
4829 180.659643 0.37 0.19 0.08 0.38
4830 180.646778 0.36 0.19 0.08 0.38
4831 180.562339 0.31 0.18 0.08 0.35
4832 180.570040 0.32 0.18 0.08 0.35
4833 180.583767 0.32 0.18 0.08 0.36
4834 180.636173 0.35 0.18 0.08 0.38
4835 180.643810 0.36 0.19 0.08 0.38
4836 180.651944 0.36 0.19 0.08 0.38
4837 180.676519 0.38 0.19 0.08 0.39
4838 180.637586 0.35 0.18 0.08 0.38
4839 180.606906 0.34 0.18 0.08 0.37
4840 180.542138 0.30 0.17 0.08 0.34
4841 180.535541 0.30 0.17 0.08 0.34
4842 180.477221 0.27 0.16 0.08 0.32
4843 180.492523 0.27 0.17 0.08 0.33
4844 180.470139 0.26 0.16 0.08 0.32
4845 180.527142 0.29 0.17 0.08 0.34
4846 180.510971 0.28 0.17 0.08 0.33
4847 180.434264 0.24 0.16 0.08 0.31
4848 180.375733 0.21 0.15 0.08 0.29
4849 180.360855 0.20 0.15 0.08 0.28
4850 180.332985 0.18 0.15 0.08 0.27
4851 180.344885 0.19 0.15 0.08 0.28
4852 180.334754 0.19 0.15 0.08 0.28
4853 180.417379 0.23 0.16 0.08 0.30
4854 180.370121 0.21 0.15 0.08 0.29
4855 180.373920 0.21 0.15 0.08 0.29
4856 180.383593 0.21 0.15 0.08 0.29
4857 180.392875 0.22 0.15 0.08 0.29
4858 180.374326 0.21 0.15 0.08 0.29
4859 180.364405 0.20 0.15 0.08 0.29
4860 180.376004 0.21 0.15 0.08 0.29
4861 180.362131 0.20 0.15 0.08 0.28
4862 180.309893 0.17 0.14 0.08 0.27
4863 180.350407 0.19 0.15 0.08 0.28
4864 180.366023 0.20 0.15 0.08 0.29
4865 180.377401 0.21 0.15 0.08 0.29
4866 180.446486 0.25 0.16 0.08 0.31
4867 180.375808 0.21 0.15 0.08 0.29
4868 180.403567 0.22 0.16 0.08 0.30
4869 180.434545 0.24 0.16 0.08 0.31
4870 180.348348 0.19 0.15 0.08 0.28
4871 180.292126 0.16 0.14 0.08 0.26
4872 180.330033 0.18 0.15 0.08 0.27
4873 180.299873 0.17 0.14 0.08 0.26
4874 180.296108 0.16 0.14 0.08 0.26
4875 180.309400 0.17 0.14 0.08 0.27
4876 180.382419 0.21 0.15 0.08 0.29
4877 180.396375 0.22 0.15 0.08 0.30
4878 180.354044 0.20 0.15 0.08 0.28
4879 180.346276 0.19 0.15 0.08 0.28
4880 180.362938 0.20 0.15 0.08 0.28
4881 180.379228 0.21 0.15 0.08 0.29
4882 180.353135 0.20 0.15 0.08 0.28
4883 180.366524 0.20 0.15 0.08 0.29
4884 180.413504 0.23 0.16 0.08 0.30
4885 180.416430 0.23 0.16 0.08 0.30
4886 180.347426 0.19 0.15 0.08 0.28
4887 180.309506 0.17 0.14 0.08 0.27
4888 180.311203 0.17 0.14 0.08 0.27
4889 180.353661 0.20 0.15 0.08 0.28
4890 180.419747 0.23 0.16 0.08 0.30
4891 180.459350 0.26 0.16 0.08 0.32
4892 180.445994 0.25 0.16 0.08 0.31
4893 180.419508 0.23 0.16 0.08 0.30
4894 180.400864 0.22 0.16 0.08 0.30
4895 180.367636 0.20 0.15 0.08 0.29
4896 180.373602 0.21 0.15 0.08 0.29
4897 180.383340 0.21 0.15 0.08 0.29
4898 180.421404 0.23 0.16 0.08 0.30
4899 180.411636 0.23 0.16 0.08 0.30
4900 180.341274 0.19 0.15 0.08 0.28
4901 180.394181 0.22 0.15 0.08 0.29
4902 180.409007 0.23 0.16 0.08 0.30
4903 180.397022 0.22 0.16 0.08 0.30
4904 180.451972 0.25 0.16 0.08 0.31
4905 180.391891 0.22 0.15 0.08 0.29
4906 180.403298 0.22 0.16 0.08 0.30
4907 180.454866 0.25 0.16 0.08 0.32
4908 180.500990 0.28 0.17 0.08 0.33
4909 180.481917 0.27 0.17 0.08 0.32
4910 180.511119 0.28 0.17 0.08 0.33
4911 180.549070 0.31 0.17 0.08 0.35
4912 180.618717 0.34 0.18 0.08 0.37
4913 180.642918 0.36 0.19 0.08 0.38
4914 180.662878 0.37 0.19 0.08 0.38
4915 180.684525 0.38 0.19 0.08 0.39
4916 180.717522 0.40 0.19 0.08 0.40
4917 180.734755 0.41 0.20 0.08 0.41
4918 180.734509 0.41 0.20 0.08 0.41
4919 180.645409 0.36 0.19 0.08 0.38
4920 180.644614 0.36 0.19 0.08 0.38
4921 180.629380 0.35 0.18 0.08 0.37
4922 180.613478 0.34 0.18 0.08 0.37
4923 180.515669 0.29 0.17 0.08 0.34
4924 180.518057 0.29 0.17 0.08 0.34
4925 180.547443 0.30 0.17 0.08 0.35
4926 180.592045 0.33 0.18 0.08 0.36
4927 180.613836 0.34 0.18 0.08 0.37
4928 180.618333 0.34 0.18 0.08 0.37
4929 180.615546 0.34 0.18 0.08 0.37
4930 180.600364 0.33 0.18 0.08 0.36
4931 180.616213 0.34 0.18 0.08 0.37
4932 180.684968 0.38 0.19 0.08 0.39
4933 180.741368 0.41 0.20 0.08 0.41
4934 180.757991 0.42 0.20 0.08 0.42
4935 180.782874 0.43 0.20 0.08 0.42
4936 180.805325 0.45 0.21 0.08 0.43
4937 180.827025 0.46 0.21 0.08 0.44
4938 180.824812 0.46 0.21 0.08 0.44
4939 180.825736 0.46 0.21 0.08 0.44
4940 180.815928 0.45 0.21 0.08 0.43
4941 180.874626 0.49 0.21 0.08 0.45
4942 180.842979 0.47 0.21 0.08 0.44
4943 180.891105 0.50 0.22 0.08 0.46
4944 180.931529 0.52 0.22 0.08 0.47
4945 180.978186 0.54 0.23 0.08 0.49
4946 180.990715 0.55 0.23 0.08 0.49
4947 180.980911 0.54 0.23 0.08 0.49
4948 181.004943 0.56 0.23 0.08 0.50
4949 180.966310 0.54 0.23 0.08 0.48
4950 181.008765 0.56 0.23 0.08 0.50
4951 180.976388 0.54 0.23 0.08 0.49
4952 180.962742 0.53 0.22 0.08 0.48
4953 180.958513 0.53 0.22 0.08 0.48
4954 180.999737 0.56 0.23 0.08 0.50
4955 180.988167 0.55 0.23 0.08 0.49
4956 181.034997 0.57 0.23 0.08 0.51
4957 181.046753 0.58 0.23 0.08 0.51
4958 181.007957 0.56 0.23 0.08 0.50
4959 180.965914 0.54 0.23 0.08 0.48
4960 180.920653 0.51 0.22 0.08 0.47
4961 180.951249 0.53 0.22 0.08 0.48
4962 180.934509 0.52 0.22 0.08 0.47
4963 180.887599 0.49 0.22 0.08 0.46
4964 180.914148 0.51 0.22 0.08 0.47
4965 180.891798 0.50 0.22 0.08 0.46
4966 180.868413 0.48 0.21 0.08 0.45
4967 180.863106 0.48 0.21 0.08 0.45
4968 180.899785 0.50 0.22 0.08 0.46
4969 180.840221 0.47 0.21 0.08 0.44
4970 180.800705 0.44 0.20 0.08 0.43
4971 180.728545 0.40 0.20 0.08 0.41
4972 180.739132 0.41 0.20 0.08 0.41
4973 180.698240 0.39 0.19 0.08 0.40
4974 180.692289 0.38 0.19 0.08 0.39
4975 180.696888 0.39 0.19 0.08 0.40
4976 180.683508 0.38 0.19 0.08 0.39
4977 180.655453 0.36 0.19 0.08 0.38
4978 180.566199 0.31 0.18 0.08 0.35
4979 180.536397 0.30 0.17 0.08 0.34
4980 180.561542 0.31 0.18 0.08 0.35
4981 180.604096 0.34 0.18 0.08 0.36
4982 180.564287 0.31 0.18 0.08 0.35
4983 180.585949 0.33 0.18 0.08 0.36
4984 180.610602 0.34 0.18 0.08 0.37
4985 180.626979 0.35 0.18 0.08 0.37
4986 180.626250 0.35 0.18 0.08 0.37
4987 180.602676 0.33 0.18 0.08 0.36
4988 180.625848 0.35 0.18 0.08 0.37
4989 180.637858 0.35 0.18 0.08 0.38
4990 180.670203 0.37 0.19 0.08 0.39
4991 180.636296 0.35 0.18 0.08 0.38
4992 180.645883 0.36 0.19 0.08 0.38
4993 180.674972 0.37 0.19 0.08 0.39
4994 180.745588 0.41 0.20 0.08 0.41
4995 180.754404 0.42 0.20 0.08 0.41
4996 180.783924 0.44 0.20 0.08 0.42
4997 180.745618 0.41 0.20 0.08 0.41
4998 180.740273 0.41 0.20 0.08 0.41
4999 180.728925 0.40 0.20 0.08 0.41
